id,latitude,longitude,location,vehicle_number,vehicle_type,violation_type,offence_code,created_datetime,closed_datetime,modified_datetime,device_id,created_by_id,center_code,police_station,data_sent_to_scita,junction_name,action_taken_timestamp,data_sent_to_scita_timestamp,updated_vehicle_number,updated_vehicle_type,validation_status,validation_timestamp
FKID018876,12.9734759,77.5792955,"3rd Cross Road, Kempegowda Extension, Chickpete, Bengaluru, Karnataka. Pin-560009 (India)",FKN00GL17757,SCOOTER,"[""NO PARKING""]",[113],2024-01-12 10:35:46+05:30,,2024-01-14 12:11:51.204359+05:30,FKDEV00128,FKUSR00128,3,Upparpet,True,BTP044 - Sagar Theatre Junction,,,FKN00GL17757,SCOOTER,approved,2024-01-15 11:19:45.925000+05:30
FKID177586,12.9782908,77.5788548,"4th Cross Road, Jakkarayana Kere, Gandhi Nagar, Bengaluru, Karnataka. Pin-560009 (India)",FKN00GL31543,CAR,"[""WRONG PARKING""]",[112],2023-12-12 01:33:46+05:30,,2023-12-12 01:52:53.602319+05:30,FKDEV00382,FKUSR00379,3,Upparpet,True,BTP058 - Subbanna Junction,,,FKN00GL31543,CAR,approved,2023-12-12 02:52:32.672000+05:30
FKID289977,12.9767149,77.5799585,"1st Main Road, Maharani College Junction, Gandhi Nagar, Bengaluru, Karnataka. Pin-560009 (India)",FKN00GL227363,MOTOR CYCLE,"[""NO PARKING""]",[113],2023-11-28 09:55:46+05:30,,2023-11-28 11:57:56.907748+05:30,FKDEV00881,FKUSR00202,3,Upparpet,True,BTP044 - Sagar Theatre Junction,,,FKN00GL227363,MOTOR CYCLE,approved,2023-11-29 03:42:09.982000+05:30
FKID179398,12.9763317,77.5765287,"6th Main Road, Kempe Gowda Circle, Gandhi Nagar, Bengaluru, Karnataka. Pin-560009 (India)",FKN00GL118966,MOTOR CYCLE,"[""NO PARKING""]",[113],2023-12-13 05:57:46+05:30,,2023-12-13 06:03:46.351224+05:30,FKDEV00349,FKUSR00346,3,Upparpet,True,BTP040 - Elite Junction,,,FKN00GL118966,MOTOR CYCLE,approved,2023-12-17 09:24:47.474000+05:30
FKID189935,12.9735068,77.5800655,"Allahabad Bank, 2, Kempegowda Road, Balepet, Chikkapete, Chickpete, Bengaluru Central City Corporation, Bengaluru, Bangalore North, Bengaluru Urban, Karnataka, 560009, India",FKN00GL155872,JEEP,"[""NO PARKING""]",[113],2023-12-15 05:24:46+05:30,,2023-12-15 05:29:12.570620+05:30,FKDEV00130,FKUSR00130,3,Upparpet,True,BTP038 - Mysore Bank Junction,,,FKN00GL155872,JEEP,approved,2023-12-18 10:19:00.727000+05:30
FKID255857,12.9790077,77.5804584,"Vajreshwari Road, Railway Officers Enclave, Gandhi Nagar, Bengaluru, Karnataka. Pin-560009 (India)",FKN00GL203720,MOTOR CYCLE,"[""NO PARKING""]",[113],2024-01-19 02:22:46+05:30,,2024-01-19 02:51:24.069633+05:30,FKDEV01378,FKUSR01311,3,Upparpet,True,BTP058 - Subbanna Junction,,,FKN00GL203721,MOTOR CYCLE,approved,2024-01-20 07:16:59.790000+05:30
FKID289892,12.9773059,77.5755015,"1st Cross Road, RK Puram, Gandhi Nagar, Bengaluru, Karnataka. Pin-560009 (India)",FKN00GL227296,CAR,"[""WRONG PARKING""]",[112],2024-03-12 03:00:46+05:30,,2024-03-12 03:10:36.386762+05:30,FKDEV00202,FKUSR00202,3,Upparpet,True,BTP045 - Danvanthri Road Junction,,2024-03-29 01:11:11.985735+05:30,FKN00GL227296,CAR,approved,2024-04-04 03:15:51.798000+05:30
FKID211040,12.9732674,77.5786657,"2nd Cross Road, Kempegowda Extension, Chickpete, Bengaluru, Karnataka. Pin-560009 (India)",FKN00GL171706,CAR,"[""WRONG PARKING""]",[112],2023-12-29 12:16:46+05:30,,2023-12-29 14:05:59.497217+05:30,FKDEV00236,FKUSR00235,3,Upparpet,True,BTP044 - Sagar Theatre Junction,,,FKN00GL171706,CAR,approved,2023-12-30 01:42:03.267000+05:30
FKID238162,12.9802833,77.5793083,"Seshadri Road, Railway Officers Enclave, Gandhi Nagar, Bengaluru, Karnataka. Pin-560009 (India)",FKN00GL114119,PRIVATE BUS,"[""NO PARKING"",""PARKING IN A MAIN ROAD""]","[113,107]",2024-01-09 03:46:46+05:30,,2024-01-10 12:24:02.832621+05:30,FKDEV00589,FKUSR00573,3,Upparpet,True,BTP058 - Subbanna Junction,,,FKN00GL114119,PRIVATE BUS,approved,2024-01-11 05:54:10.434000+05:30
FKID159523,12.9752738,77.5747728,"Major T Ramachandrappa Road, Subash Nagar, Gandhi Nagar, Bengaluru, Karnataka. Pin-560009 (India)",FKN00GL132415,PASSENGER AUTO,"[""WRONG PARKING""]",[112],2023-11-16 07:40:46+05:30,,2023-11-16 08:35:53.300112+05:30,FKDEV00018,FKUSR00018,3,Upparpet,True,BTP045 - Danvanthri Road Junction,,,FKN00GL132415,PASSENGER AUTO,approved,2023-11-17 03:27:05.732000+05:30
FKID187326,12.9771007,77.5764621,"6th Main Road, RK Puram, Gandhi Nagar, Bengaluru, Karnataka. Pin-560009 (India)",FKN00GL40251,MOTOR CYCLE,"[""NO PARKING""]",[113],2023-12-14 08:59:46+05:30,,2023-12-14 09:02:19.771844+05:30,FKDEV00018,FKUSR00018,3,Upparpet,True,BTP040 - Elite Junction,,,FKN00GL40251,MOTOR CYCLE,approved,2023-12-15 06:25:36.269000+05:30
FKID233742,12.9773086,77.5763997,"6th Main Road, RK Puram, Gandhi Nagar, Bengaluru, Karnataka. Pin-560009 (India)",FKN00GL15265,MOTOR CYCLE,"[""NO PARKING""]",[113],2024-01-06 08:57:46+05:30,,2024-01-06 09:22:59.534571+05:30,FKDEV00126,FKUSR00126,3,Upparpet,True,BTP040 - Elite Junction,,,FKN00GL15265,MOTOR CYCLE,approved,2024-01-07 05:21:18.205000+05:30
FKID138487,12.9789683,77.5808055,"Vajreshwari Road, Railway Officers Enclave, Gandhi Nagar, Bengaluru, Karnataka. Pin-560009 (India)",FKN00GL115387,SCOOTER,"[""WRONG PARKING""]",[112],2023-12-03 10:13:46+05:30,,2023-12-03 10:14:50.185626+05:30,FKDEV00020,FKUSR00020,3,Upparpet,True,BTP058 - Subbanna Junction,,,FKN00GL115387,SCOOTER,approved,2023-12-04 05:30:46.299000+05:30
FKID182898,12.9744585,77.5773944,"Kempegowda Road, Alankar Pearl Plaza, Kempegowda Extension, Chickpete, Bengaluru, Karnataka. Pin-560009 (India)",FKN00GL150503,SCOOTER,"[""WRONG PARKING""]",[112],2023-11-24 08:16:46+05:30,,2023-11-24 08:18:33.226031+05:30,FKDEV00130,FKUSR00018,3,Upparpet,True,BTP044 - Sagar Theatre Junction,,,FKN00GL150503,SCOOTER,approved,2023-11-25 02:08:11.344000+05:30
FKID196856,12.9770397,77.5800512,"1st Main Road, Sri Kanakadasa Circle, Gandhi Nagar, Bengaluru, Karnataka. Pin-560009 (India)",FKN00GL74793,MAXI-CAB,"[""WRONG PARKING""]",[112],2023-12-21 12:16:46+05:30,,2023-12-21 12:19:49.747048+05:30,FKDEV00382,FKUSR00379,3,Upparpet,True,BTP044 - Sagar Theatre Junction,,,FKN00GL74793,MAXI-CAB,approved,2023-12-22 03:55:48.717000+05:30
FKID186644,12.9783924,77.5736267,"SK Road, AT Extension, Gandhi Nagar, Bengaluru, Karnataka. Pin-560009 (India)",FKN00GL153362,PASSENGER AUTO,"[""WRONG PARKING""]",[112],2023-12-16 03:05:46+05:30,,2023-12-16 03:22:10.975166+05:30,FKDEV00262,FKUSR00261,3,Upparpet,True,BTP057 - Anand Rao Junction,,,FKN00GL153362,PASSENGER AUTO,approved,2023-12-17 10:47:31.318000+05:30
FKID294923,12.9766034,77.5785189,"3rd Main Road, Sri Kanakadasa Circle, Gandhi Nagar, Bengaluru, Karnataka. Pin-560009 (India)",FKN00GL18410,CAR,"[""NO PARKING""]",[113],2023-11-30 00:57:46+05:30,,2023-11-30 01:06:11.321762+05:30,FKDEV00075,FKUSR00075,3,Upparpet,True,BTP044 - Sagar Theatre Junction,,,FKN00GL18410,CAR,approved,2023-11-30 02:17:26.028000+05:30
FKID235198,12.9760519,77.578406,"3rd Main Road, Sri Kanakadasa Circle, Gandhi Nagar, Bengaluru, Karnataka. Pin-560009 (India)",FKN00GL189190,SCOOTER,"[""NO PARKING""]",[113],2024-01-03 10:57:46+05:30,,2024-01-03 10:58:16.728978+05:30,FKDEV01040,FKUSR00996,3,Upparpet,True,BTP044 - Sagar Theatre Junction,,,FKN00GL189190,SCOOTER,approved,2024-01-04 04:18:53.091000+05:30
FKID223578,12.9761933,77.57577,"Subedar Chatram Road, Kempe Gowda Circle, Gandhi Nagar, Bengaluru, Karnataka. Pin-560009 (India)",FKN00GL180858,SCOOTER,"[""WRONG PARKING""]",[112],2024-01-05 04:28:46+05:30,,2024-01-05 04:48:36.070286+05:30,FKDEV00320,FKUSR00319,3,Upparpet,True,BTP040 - Elite Junction,,,FKN00GL180858,SCOOTER,approved,2024-01-06 03:47:47.180000+05:30
FKID184778,12.9736061,77.5794517,"3rd Cross Road, Kempegowda Extension, Chickpete, Bengaluru, Karnataka. Pin-560009 (India)",FKN00GL151942,SCOOTER,"[""NO PARKING""]",[113],2023-12-13 12:23:46+05:30,,2023-12-13 12:25:42.541995+05:30,FKDEV00128,FKUSR00128,3,Upparpet,True,BTP044 - Sagar Theatre Junction,,,FKN00GL151942,MOTOR CYCLE,approved,2023-12-15 07:39:38.404000+05:30
FKID214482,12.9785001,77.5735263,"Major T Ramachandrappa Road, AT Extension, Gandhi Nagar, Bengaluru, Karnataka. Pin-560009 (India)",FKN00GL174263,LGV,"[""NO PARKING""]",[113],2023-12-31 09:03:46+05:30,,2023-12-31 09:16:09.793888+05:30,FKDEV00488,FKUSR00479,3,Upparpet,True,BTP057 - Anand Rao Junction,,,FKN00GL174263,LGV,approved,2024-01-01 04:31:42.187000+05:30
FKID149963,12.9728222,77.5787744,"3rd Cross Road, Kempegowda Extension, Chickpete, Bengaluru, Karnataka. Pin-560009 (India)",FKN00GL35783,MOPED,"[""NO PARKING""]",[113],2023-11-14 04:47:46+05:30,,2023-11-14 04:55:39.734921+05:30,FKDEV01075,FKUSR01024,3,Upparpet,True,BTP044 - Sagar Theatre Junction,,,FKN00GL35783,MOPED,approved,2023-11-16 05:34:53.436000+05:30
FKID154988,12.9729019,77.5789856,"3rd Cross Road, Kempegowda Extension, Chickpete, Bengaluru, Karnataka. Pin-560009 (India)",FKN00GL42010,SCOOTER,"[""NO PARKING""]",[113],2023-11-21 08:45:46+05:30,,2023-11-21 08:46:53.552123+05:30,FKDEV00128,FKUSR00128,3,Upparpet,True,BTP044 - Sagar Theatre Junction,,,FKN00GL42010,SCOOTER,approved,2023-11-25 06:21:37.698000+05:30
FKID283425,12.977919,77.5754626,"Subedar Chatram Road, RK Puram, Gandhi Nagar, Bengaluru, Karnataka. Pin-560009 (India)",FKN00GL222770,SCOOTER,"[""WRONG PARKING""]",[112],2023-12-21 04:24:46+05:30,,2023-12-21 04:28:07.426015+05:30,FKDEV00062,FKUSR00062,3,Upparpet,True,BTP045 - Danvanthri Road Junction,,,FKN00GL222770,SCOOTER,approved,2023-12-27 10:11:18.391000+05:30
FKID156609,12.979172,77.5773789,"Vajreshwari Road, R Subanna Circle, Gandhi Nagar, Bengaluru, Karnataka. Pin-560001 (India)",FKN00GL73068,CAR,"[""WRONG PARKING""]",[112],2023-11-16 01:21:46+05:30,,2023-11-16 01:30:10.166722+05:30,FKDEV00075,FKUSR00075,3,Upparpet,True,BTP058 - Subbanna Junction,,,FKN00GL73068,CAR,approved,2023-11-17 06:09:04.089000+05:30
FKID143121,12.9752298,77.5757123,"Dharmambudi Kere Road, Kempe Gowda Circle, Gandhi Nagar, Bengaluru, Karnataka. Pin-560009 (India)",FKN00GL119229,MOTOR CYCLE,"[""WRONG PARKING""]",[112],2023-12-03 10:37:46+05:30,,2023-12-03 10:47:49.847853+05:30,FKDEV00075,FKUSR00075,3,Upparpet,True,BTP040 - Elite Junction,,,FKN00GL119229,MOTOR CYCLE,approved,2023-12-05 09:29:17.652000+05:30
FKID154334,12.9755972,77.5772774,"5th Main Road, Kempe Gowda Circle, Gandhi Nagar, Bengaluru, Karnataka. Pin-560009 (India)",FKN00GL128366,MOTOR CYCLE,"[""WRONG PARKING""]",[112],2023-11-15 09:12:46+05:30,,2023-11-15 09:22:01.200788+05:30,FKDEV00319,FKUSR00318,3,Upparpet,True,BTP040 - Elite Junction,,,FKN00GL128366,MOTOR CYCLE,approved,2023-11-17 06:19:07.496000+05:30
FKID293477,12.9761094,77.5783545,"3rd Main Road, Sri Kanakadasa Circle, Gandhi Nagar, Bengaluru, Karnataka. Pin-560009 (India)",FKN00GL8209,SCOOTER,"[""NO PARKING""]",[113],2023-11-18 11:51:46+05:30,,2023-11-18 11:52:39.738470+05:30,FKDEV01040,FKUSR00996,3,Upparpet,True,BTP044 - Sagar Theatre Junction,,,FKN00GL8209,SCOOTER,approved,2023-11-19 03:05:19.044000+05:30
FKID158241,12.9791336,77.5784444,"Vajreshwari Road, R Subanna Circle, Gandhi Nagar, Bengaluru, Karnataka. Pin-560001 (India)",FKN00GL131380,CAR,"[""NO PARKING""]",[113],2023-12-07 07:16:46+05:30,,2023-12-08 08:55:22.526119+05:30,FKDEV00062,FKUSR00062,3,Upparpet,True,BTP058 - Subbanna Junction,,,FKN00GL131380,CAR,approved,2023-12-09 06:46:08.278000+05:30
FKID200843,12.9734101,77.5792551,"3rd Cross Road, Kempegowda Extension, Chickpete, Bengaluru, Karnataka. Pin-560009 (India)",FKN00GL164109,MOTOR CYCLE,"[""NO PARKING""]",[113],2023-12-22 06:23:46+05:30,,2023-12-23 04:27:37.539890+05:30,FKDEV00128,FKUSR00128,3,Upparpet,True,BTP044 - Sagar Theatre Junction,,,FKN00GL164109,MOTOR CYCLE,approved,2023-12-24 07:20:09.342000+05:30
FKID209261,12.9811062,77.5984499,"Cunningham Road, Coffee Board Junction, Vasant Nagar, Bengaluru, Karnataka. Pin-560001 (India)",FKN00GL170342,SCOOTER,"[""NO PARKING""]",[113],2023-12-21 05:11:46+05:30,,2023-12-21 05:16:58.983209+05:30,FKDEV00364,FKUSR00360,16,Shivajinagar,True,BTP042 - Minsk Square Junction (CTO),,,FKN00GL149180,SCOOTER,approved,2023-12-27 09:57:25.550000+05:30
FKID180138,12.9810586,77.6100552,"Kamaraj Road, Sri Nagamma Devi Circle, Sivanchetti Gardens, Bengaluru, Karnataka. Pin-560042 (India)",FKN00GL148410,PASSENGER AUTO,"[""WRONG PARKING""]",[112],2023-12-11 07:17:46+05:30,,2023-12-13 06:48:35.916362+05:30,FKDEV00037,FKUSR00037,16,Shivajinagar,True,BTP051 - Safina Plaza Junction,,,FKN00GL148410,PASSENGER AUTO,approved,2023-12-17 10:18:25.952000+05:30
FKID270282,12.9795374,77.609606,"Kamaraj Road, Tyagi Henagalavarayan Junction, Sivanchetti Gardens, Bengaluru, Karnataka. Pin-560042 (India)",FKN00GL11054,CAR,"[""WRONG PARKING""]",[112],2024-01-26 12:19:46+05:30,,2024-01-27 02:58:49.779736+05:30,FKDEV00160,FKUSR00160,16,Shivajinagar,True,BTP051 - Safina Plaza Junction,,,FKN00GL11054,CAR,approved,2024-01-28 01:29:09.318000+05:30
FKID260763,12.9825924,77.6107175,"Kamaraj Road, Sri Nagamma Devi Circle, Sivanchetti Gardens, Bengaluru, Karnataka. Pin-560042 (India)",FKN00GL207117,PASSENGER AUTO,"[""NO PARKING""]",[113],2024-01-21 11:01:46+05:30,,2024-01-21 12:32:02.990151+05:30,FKDEV00160,FKUSR00160,16,Shivajinagar,True,No Junction,,,FKN00GL207117,PASSENGER AUTO,approved,2024-01-22 01:18:20.123000+05:30
FKID203500,12.9809361,77.6076413,"Main Guard Cross Road, Tasker Town, Shivaji Nagar, Bengaluru, Karnataka. Pin-560001 (India)",FKN00GL166116,SCOOTER,"[""NO PARKING""]",[113],2023-11-26 10:42:46+05:30,,2023-11-26 10:48:28.818622+05:30,FKDEV00394,FKUSR00390,16,Shivajinagar,True,BTP051 - Safina Plaza Junction,,,FKN00GL166116,SCOOTER,approved,2023-11-27 03:36:01.229000+05:30
FKID171785,12.9810832,77.6101056,"Kamaraj Road, Sri Nagamma Devi Circle, Sivanchetti Gardens, Bengaluru, Karnataka. Pin-560042 (India)",FKN00GL123081,PASSENGER AUTO,"[""NO PARKING""]",[113],2023-12-09 12:39:46+05:30,,2023-12-09 12:53:35.930309+05:30,FKDEV00658,FKUSR01236,16,Shivajinagar,True,BTP051 - Safina Plaza Junction,,,FKN00GL123081,PASSENGER AUTO,approved,2023-12-12 04:48:10.956000+05:30
FKID154930,12.9821582,77.6065216,"Hospital Cross Road, Tasker Town, Shivaji Nagar, Bengaluru, Karnataka. Pin-560001 (India)",FKN00GL91820,MOTOR CYCLE,"[""WRONG PARKING""]",[112],2023-11-15 10:16:46+05:30,,2023-11-15 10:18:16.503520+05:30,FKDEV00662,FKUSR00640,16,Shivajinagar,True,BTP051 - Safina Plaza Junction,,,FKN00GL91820,MOTOR CYCLE,approved,2023-11-17 08:41:48.905000+05:30
FKID168093,12.9815091,77.6084634,"Dispensary Road, Tasker Town, Shivaji Nagar, Bengaluru, Karnataka. Pin-560001 (India)",FKN00GL138958,SCOOTER,"[""NO PARKING""]",[113],2023-11-20 09:45:46+05:30,,2023-11-20 09:47:14.322360+05:30,FKDEV00141,FKUSR00141,16,Shivajinagar,True,BTP051 - Safina Plaza Junction,,,FKN00GL138958,SCOOTER,approved,2023-11-21 02:59:38.114000+05:30
FKID261986,12.981827,77.6094979,"Commercial Street, Sri Nagamma Devi Circle, Sivanchetti Gardens, Bengaluru, Karnataka. Pin-560042 (India)",FKN00GL207988,SCOOTER,"[""WRONG PARKING""]",[112],2024-01-15 11:50:46+05:30,,2024-01-15 11:57:41.096067+05:30,FKDEV00307,FKUSR00306,16,Shivajinagar,True,BTP051 - Safina Plaza Junction,,,FKN00GL207988,SCOOTER,approved,2024-01-16 01:40:51.133000+05:30
FKID172681,12.9838636,77.603654,"Central Street, Shivaji Nagar, Bengaluru, Karnataka. Pin-560001 (India)",FKN00GL142629,PASSENGER AUTO,"[""NO PARKING""]",[113],2023-11-19 05:33:46+05:30,,2023-11-19 05:40:18.944217+05:30,FKDEV00422,FKUSR00417,16,Shivajinagar,True,BTP211 - Central Street Junction,,,FKN00GL142629,PASSENGER AUTO,approved,2023-11-21 11:34:34.763000+05:30
FKID003300,12.981692,77.608015,"Main Guard Cross Road, Tasker Town, Shivaji Nagar, Bengaluru, Karnataka. Pin-560001 (India)",FKN00GL3283,PASSENGER AUTO,"[""NO PARKING"",""DOUBLE PARKING""]","[113,109]",2024-02-01 09:56:46+05:30,,2024-02-01 10:16:20.800640+05:30,FKDEV00658,FKUSR00484,16,Shivajinagar,True,BTP051 - Safina Plaza Junction,,,FKN00GL3283,PASSENGER AUTO,approved,2024-02-03 03:26:49.116000+05:30
FKID033082,12.9810843,77.6101825,"Kamaraj Road, Sri Nagamma Devi Circle, Sivanchetti Gardens, Bengaluru, Karnataka. Pin-560042 (India)",FKN00GL30165,PASSENGER AUTO,"[""NO PARKING"",""DOUBLE PARKING""]","[113,109]",2024-03-18 11:35:46+05:30,,2024-03-18 11:39:52.970021+05:30,FKDEV00658,FKUSR01028,16,Shivajinagar,True,BTP051 - Safina Plaza Junction,,2024-04-06 01:02:45.795316+05:30,FKN00GL30165,PASSENGER AUTO,approved,2024-04-11 06:39:01.449000+05:30
FKID205376,12.9818206,77.6063088,"Hospital Cross Road, Tasker Town, Shivaji Nagar, Bengaluru, Karnataka. Pin-560001 (India)",FKN00GL167514,SCOOTER,"[""NO PARKING""]",[113],2023-11-27 11:11:46+05:30,,2023-11-27 11:18:12.308895+05:30,FKDEV01424,FKUSR01353,16,Shivajinagar,True,BTP051 - Safina Plaza Junction,,,FKN00GL167514,SCOOTER,approved,2023-11-28 01:10:46.003000+05:30
FKID004193,12.9813165,77.6102225,"Kamaraj Road, Sri Nagamma Devi Circle, Sivanchetti Gardens, Bengaluru, Karnataka. Pin-560042 (India)",FKN00GL4128,PASSENGER AUTO,"[""WRONG PARKING""]",[112],2024-03-11 06:37:46+05:30,,2024-03-11 11:22:55.525218+05:30,FKDEV00763,FKUSR00180,16,Shivajinagar,True,BTP051 - Safina Plaza Junction,,2024-03-28 20:43:55.912194+05:30,FKN00GL4128,PASSENGER AUTO,approved,
FKID161997,12.9822348,77.6068663,"Dispensary Road, Tasker Town, Shivaji Nagar, Bengaluru, Karnataka. Pin-560001 (India)",FKN00GL113789,MOTOR CYCLE,"[""WRONG PARKING""]",[112],2023-11-14 08:21:46+05:30,,2023-11-14 08:23:42.446789+05:30,FKDEV00144,FKUSR00144,16,Shivajinagar,True,BTP051 - Safina Plaza Junction,,,FKN00GL113789,MOTOR CYCLE,approved,2023-11-17 11:50:14.520000+05:30
FKID216275,12.9802998,77.6140215,"Dickenson Cross Road, Sivanchetti Gardens, Bengaluru, Karnataka. Pin-560042 (India)",FKN00GL175636,CAR,"[""NO PARKING""]",[113],2023-12-31 09:48:46+05:30,,2023-12-31 10:05:36.774541+05:30,FKDEV00041,FKUSR00041,16,Shivajinagar,True,No Junction,,,FKN00GL175636,CAR,approved,2024-01-01 04:26:36.442000+05:30
FKID140283,12.9830049,77.6107842,"Veera Pillai Road, Sri Nagamma Devi Circle, Sivanchetti Gardens, Bengaluru, Karnataka. Pin-560042 (India)",FKN00GL24261,SCOOTER,"[""NO PARKING"",""DEFECTIVE NUMBER PLATE""]","[113,116]",2023-12-04 08:44:46+05:30,,2023-12-04 08:48:11.059866+05:30,FKDEV00122,FKUSR01117,16,Shivajinagar,True,No Junction,,,FKN00GL24261,SCOOTER,approved,2023-12-05 04:07:13.378000+05:30
FKID163507,12.9811712,77.6094768,"Dispensary Road, Tasker Town, Shivaji Nagar, Bengaluru, Karnataka. Pin-560001 (India)",FKN00GL135405,SCOOTER,"[""NO PARKING""]",[113],2023-11-18 10:50:46+05:30,,2023-11-18 11:05:14.312546+05:30,FKDEV00089,FKUSR00089,16,Shivajinagar,True,BTP051 - Safina Plaza Junction,,,FKN00GL135405,SCOOTER,approved,2023-11-19 01:04:25.525000+05:30
FKID247253,12.9821236,77.6063948,"Hospital Cross Road, Tasker Town, Shivaji Nagar, Bengaluru, Karnataka. Pin-560001 (India)",FKN00GL2788,SCOOTER,"[""WRONG PARKING""]",[112],2024-01-14 10:58:46+05:30,,2024-01-14 10:59:28.191232+05:30,FKDEV00144,FKUSR00144,16,Shivajinagar,True,BTP051 - Safina Plaza Junction,,,FKN00GL2788,SCOOTER,approved,2024-01-15 04:59:35.095000+05:30
FKID203242,12.9809806,77.6076969,"Main Guard Cross Road, Tasker Town, Shivaji Nagar, Bengaluru, Karnataka. Pin-560001 (India)",FKN00GL118484,SCOOTER,"[""NO PARKING""]",[113],2023-11-23 07:01:46+05:30,,2023-11-23 07:03:13.222396+05:30,FKDEV00141,FKUSR00141,16,Shivajinagar,True,BTP051 - Safina Plaza Junction,,,FKN00GL118484,SCOOTER,approved,2023-11-26 10:42:01.096000+05:30
FKID264152,12.9817417,77.6103713,"Kamaraj Road, Sri Nagamma Devi Circle, Sivanchetti Gardens, Bengaluru, Karnataka. Pin-560042 (India)",FKN00GL209527,SCOOTER,"[""WRONG PARKING""]",[112],2024-01-20 13:48:46+05:30,,2024-01-20 13:53:21.984200+05:30,FKDEV00037,FKUSR02134,16,Shivajinagar,True,BTP051 - Safina Plaza Junction,,,FKN00GL209527,SCOOTER,approved,2024-01-21 01:41:51.670000+05:30
FKID193543,12.9828806,77.6011879,"Hospital Road, Shivaji Nagar, Bengaluru, Karnataka. Pin-560001 (India)",FKN00GL158706,CAR,"[""NO PARKING""]",[113],2023-11-25 06:39:46+05:30,,2023-11-25 06:48:17.314392+05:30,FKDEV00277,FKUSR00276,16,Shivajinagar,True,BTP211 - Central Street Junction,,,FKN00GL158706,CAR,approved,2023-11-26 05:16:32.254000+05:30
FKID234886,12.9814994,77.6085622,"Dispensary Road, Tasker Town, Shivaji Nagar, Bengaluru, Karnataka. Pin-560001 (India)",FKN00GL188990,PASSENGER AUTO,"[""WRONG PARKING""]",[112],2024-01-04 08:27:46+05:30,,2024-01-04 11:11:04.601217+05:30,FKDEV00229,FKUSR00229,16,Shivajinagar,True,BTP051 - Safina Plaza Junction,,,FKN00GL188990,PASSENGER AUTO,approved,2024-01-05 03:39:39.697000+05:30
FKID258372,12.9810441,77.6101742,"Dickenson Road, Sri Nagamma Devi Circle, Sivanchetti Gardens, Bengaluru, Karnataka. Pin-560042 (India)",FKN00GL107234,PASSENGER AUTO,"[""WRONG PARKING""]",[112],2024-01-22 11:05:46+05:30,,2024-01-22 12:21:07.781523+05:30,FKDEV00658,FKUSR01236,16,Shivajinagar,True,BTP051 - Safina Plaza Junction,,,FKN00GL107234,PASSENGER AUTO,approved,2024-01-24 02:45:16.447000+05:30
FKID159881,12.9839486,77.6036799,"Central Street, Shivaji Nagar, Bengaluru, Karnataka. Pin-560001 (India)",FKN00GL132695,PASSENGER AUTO,"[""NO PARKING""]",[113],2023-11-17 02:24:46+05:30,,2023-11-17 02:34:29.475088+05:30,FKDEV00116,FKUSR00117,16,Shivajinagar,True,BTP211 - Central Street Junction,,,FKN00GL56622,PASSENGER AUTO,approved,2023-11-17 03:01:00.114000+05:30
FKID177569,12.9813068,77.6101949,"Kamaraj Road, Sri Nagamma Devi Circle, Sivanchetti Gardens, Bengaluru, Karnataka. Pin-560042 (India)",FKN00GL146556,PASSENGER AUTO,"[""NO PARKING""]",[113],2023-12-11 08:51:46+05:30,,2023-12-11 09:45:42.111083+05:30,FKDEV00160,FKUSR00160,16,Shivajinagar,True,BTP051 - Safina Plaza Junction,,,FKN00GL146556,PASSENGER AUTO,approved,2023-12-12 02:31:20.031000+05:30
FKID141166,12.9839611,77.6036484,"Central Street, Shivaji Nagar, Bengaluru, Karnataka. Pin-560001 (India)",FKN00GL117625,PASSENGER AUTO,"[""NO PARKING""]",[113],2023-12-05 11:10:46+05:30,,2023-12-05 11:21:57.341020+05:30,FKDEV00394,FKUSR00390,16,Shivajinagar,True,BTP211 - Central Street Junction,,,FKN00GL117625,PASSENGER AUTO,approved,2023-12-08 09:25:11.775000+05:30
FKID165182,12.9819083,77.6099043,"Commercial Street, Sri Nagamma Devi Circle, Sivanchetti Gardens, Bengaluru, Karnataka. Pin-560042 (India)",FKN00GL136651,SCOOTER,"[""DEFECTIVE NUMBER PLATE"",""NO PARKING""]","[116,113]",2023-11-18 08:04:46+05:30,,2023-11-18 08:21:22.929214+05:30,FKDEV00307,FKUSR00306,16,Shivajinagar,True,BTP051 - Safina Plaza Junction,,,FKN00GL136651,SCOOTER,approved,2023-11-19 17:56:05.468000+05:30
FKID247614,12.980989,77.607663,"Main Guard Cross Road, Tasker Town, Shivaji Nagar, Bengaluru, Karnataka. Pin-560001 (India)",FKN00GL56080,SCOOTER,"[""NO PARKING""]",[113],2024-01-14 11:48:46+05:30,,2024-01-14 11:49:46.193126+05:30,FKDEV00662,FKUSR00640,16,Shivajinagar,True,BTP051 - Safina Plaza Junction,,,FKN00GL56080,SCOOTER,approved,2024-01-15 05:36:45.896000+05:30
FKID192903,12.9795664,77.6071485,"Main Guard Cross Road, Tasker Town, Shivaji Nagar, Bengaluru, Karnataka. Pin-560001 (India)",FKN00GL75992,CAR,"[""NO PARKING""]",[113],2023-12-18 10:55:46+05:30,,2023-12-18 11:35:21.217726+05:30,FKDEV01424,FKUSR01353,16,Shivajinagar,True,BTP051 - Safina Plaza Junction,,,FKN00GL75992,CAR,approved,2023-12-19 01:25:58.638000+05:30
FKID234344,13.00177,77.55036,"19th Main Road, Ketamaranahalli, Block 1, Rajaji Nagar, Bengaluru, Karnataka. Pin-560010 (India)",FKN00GL188654,CAR,"[""WRONG PARKING""]",[112],2024-01-05 07:56:46+05:30,,2024-01-05 08:05:51.790669+05:30,FKDEV00270,FKUSR00269,19,Malleshwaram,True,"BTP026 - 1st Block Junction, Rajajinagar",,,FKN00GL188654,CAR,approved,2024-01-07 09:56:54.636000+05:30
FKID170822,13.0079973,77.5566114,"GP Rajarathnam Road, Block A, Subramanya Nagar Stage 2, Rajaji Nagar, Bengaluru, Karnataka. Pin-560010 (India)",FKN00GL141148,SCOOTER,"[""WRONG PARKING""]",[112],2023-12-03 09:07:46+05:30,,2023-12-09 08:47:04.160020+05:30,FKDEV00380,FKUSR00376,19,Malleshwaram,True,"BTP001 - 10th Cross, Dr. Rajkumar Road",,,FKN00GL141148,SCOOTER,approved,2023-12-10 08:45:34.270000+05:30
FKID238875,13.0153372,77.5551969,"Mumbai Bengaluru Highway, WTC Annexe, Malleshwaram West, Bengaluru, Karnataka. Pin-560055 (India)",FKN00GL191779,CAR,"[""NO PARKING"",""PARKING IN A MAIN ROAD""]","[113,107]",2024-01-12 11:38:46+05:30,,2024-01-12 12:00:43.791999+05:30,FKDEV01083,FKUSR01033,19,Malleshwaram,True,No Junction,,,FKN00GL191779,CAR,approved,2024-01-15 11:09:09.075000+05:30
FKID283001,13.0110147,77.5549998,"80 Feet Ring Road, Orion, Brigade Gateway, Malleshwaram West, Bengaluru, Karnataka. Pin-560055 (India)",FKN00GL222438,MOTOR CYCLE,"[""WRONG PARKING""]",[112],2024-03-11 11:45:46+05:30,,2024-03-11 11:56:36.544505+05:30,FKDEV00270,FKUSR00269,19,Malleshwaram,True,No Junction,,2024-03-28 21:20:43.125938+05:30,FKN00GL222438,MOTOR CYCLE,approved,2024-04-02 07:05:46.310000+05:30
FKID009902,13.0013697,77.5503946,"19th Main Road, Block 1, Rajaji Nagar, Bengaluru, Karnataka. Pin-560010 (India)",FKN00GL9366,CAR,"[""NO PARKING""]",[113],2024-02-01 07:32:46+05:30,,2024-02-02 08:06:31.842899+05:30,FKDEV00270,FKUSR00269,19,Malleshwaram,True,"BTP026 - 1st Block Junction, Rajajinagar",,,FKN00GL9366,CAR,approved,2024-02-03 04:01:33.003000+05:30
FKID280307,12.9983231,77.5531366,"5th Cross Road, Navarang Circle, Rajaji Nagar, Bengaluru, Karnataka. Pin-560010 (India)",FKN00GL220628,SCOOTER,"[""WRONG PARKING""]",[112],2023-12-09 08:14:46+05:30,,2023-12-09 08:46:03.446015+05:30,FKDEV00082,FKUSR00082,19,Malleshwaram,True,BTP008 - Navarang Theatre,,,FKN00GL220628,SCOOTER,approved,2023-12-10 06:21:16.309000+05:30
FKID140303,12.9982722,77.5532112,"5th Cross Road, Harikara Vidvan Sri R Gururajulu Naidu Circle, Rajaji Nagar, Bengaluru, Karnataka. Pin-560010 (India)",FKN00GL116921,MOTOR CYCLE,"[""WRONG PARKING""]",[112],2023-12-03 09:06:46+05:30,,2023-12-03 11:20:17.022057+05:30,FKDEV00082,FKUSR00082,19,Malleshwaram,True,BTP008 - Navarang Theatre,,,FKN00GL116921,MOTOR CYCLE,approved,2023-12-05 04:10:07.812000+05:30
FKID277908,13.0082182,77.5550745,"2nd Main Road, Dr Rajkumar Road 17th Cross Junction, Rajaji Nagar, Bengaluru, Karnataka. Pin-560010 (India)",FKN00GL218983,PASSENGER AUTO,"[""WRONG PARKING""]",[112],2024-03-11 05:09:46+05:30,,2024-03-11 05:22:46.909280+05:30,FKDEV00082,FKUSR00082,19,Malleshwaram,True,"BTP001 - 10th Cross, Dr. Rajkumar Road",,2024-03-28 02:49:19.238890+05:30,FKN00GL218983,PASSENGER AUTO,approved,2024-04-01 05:57:13.176000+05:30
FKID197225,12.9989999,77.5501746,"Chord Road, Block 1, Rajaji Nagar, Bengaluru, Karnataka. Pin-560010 (India)",FKN00GL161451,CAR,"[""NO PARKING""]",[113],2023-12-21 06:46:46+05:30,,2023-12-21 06:51:21.855761+05:30,FKDEV00270,FKUSR00269,19,Malleshwaram,True,BTP027 - Modi Bridge Junction,,,FKN00GL161451,CAR,approved,2023-12-22 05:25:45.736000+05:30
FKID294491,13.0034197,77.5500466,"19th Main Road, Dr M Munivenkataswamy Circle, Rajaji Nagar, Bengaluru, Karnataka. Pin-560010 (India)",FKN00GL230357,CAR,"[""WRONG PARKING""]",[112],2024-03-14 06:01:46+05:30,,2024-03-14 06:50:10.900223+05:30,FKDEV00082,FKUSR00082,19,Malleshwaram,True,"BTP026 - 1st Block Junction, Rajajinagar",,2024-03-31 22:55:15.370698+05:30,FKN00GL230357,CAR,approved,2024-04-12 08:41:36.278000+05:30
FKID223507,13.0036954,77.5698695,"13th Cross Road, Paresh Apartment, Kadumalleshwara, Malleshwaram, Bengaluru, Karnataka. Pin-560003 (India)",FKN00GL180815,CAR,"[""WRONG PARKING""]",[112],2024-01-06 08:53:46+05:30,,2024-01-06 12:07:41.724248+05:30,FKDEV00138,FKUSR00138,19,Malleshwaram,True,No Junction,,,FKN00GL180815,CAR,approved,2024-01-07 04:41:52.322000+05:30
FKID184349,13.0084411,77.5711272,"Sri Venkataranga Ayangar Road, Malleshwaram 18th Cross Junction, Malleshwaram West, Bengaluru, Karnataka. Pin-560055 (India)",FKN00GL151618,CAR,"[""NO PARKING""]",[113],2023-12-14 11:15:46+05:30,,2023-12-14 12:43:07.794170+05:30,FKDEV00082,FKUSR00082,19,Malleshwaram,True,No Junction,,,FKN00GL151618,CAR,approved,2023-12-15 03:50:26.676000+05:30
FKID215205,13.0078029,77.5711593,"Sri Venkataranga Ayangar Road, Malleshwaram 18th Cross Junction, Malleshwaram West, Bengaluru, Karnataka. Pin-560055 (India)",FKN00GL174843,SCOOTER,"[""NO PARKING""]",[113],2023-12-29 08:56:46+05:30,,2023-12-29 09:06:14.213649+05:30,FKDEV00702,FKUSR00676,19,Malleshwaram,True,No Junction,,,FKN00GL174843,SCOOTER,approved,2023-12-30 07:21:54.864000+05:30
FKID162019,13.009182,77.5524376,"Unnamed Road, One Bangalore West, Rajaji Nagar, Bengaluru, Karnataka. Pin-560010 (India)",FKN00GL134336,CAR,"[""NO PARKING""]",[113],2023-11-13 10:37:46+05:30,,2023-11-13 11:15:18.873877+05:30,FKDEV00023,FKUSR00023,19,Malleshwaram,True,BTP023 - Mahalaxmi Layout Entrance,,,FKN00GL134336,CAR,approved,2023-11-17 12:02:06.292000+05:30
FKID189547,12.9997632,77.5713255,"Sri Venkataranga Ayangar Road, RR Palace, Malleshwaram, Bengaluru, Karnataka. Pin-560003 (India)",FKN00GL155564,CAR,"[""WRONG PARKING""]",[112],2023-12-17 11:10:46+05:30,,2023-12-18 11:21:56.887744+05:30,FKDEV00809,FKUSR00779,19,Malleshwaram,True,No Junction,,,FKN00GL155564,CAR,approved,2023-12-19 04:56:12.460000+05:30
FKID289068,12.9995983,77.5497696,"Chord Road, Block 1, Rajaji Nagar, Bengaluru, Karnataka. Pin-560010 (India)",FKN00GL226748,MOTOR CYCLE,"[""NO PARKING"",""WRONG PARKING""]","[113,112]",2023-12-27 08:56:46+05:30,,2023-12-27 09:18:16.638432+05:30,FKDEV00929,FKUSR00892,19,Malleshwaram,True,BTP027 - Modi Bridge Junction,,,FKN00GL226748,MOTOR CYCLE,approved,2023-12-28 04:01:49.613000+05:30
FKID269616,13.0010695,77.570029,"West Park Road, Kadumalleshwara, Malleshwaram, Bengaluru, Karnataka. Pin-560003 (India)",FKN00GL124611,CAR,"[""NO PARKING"",""WRONG PARKING""]","[113,112]",2024-01-26 13:39:46+05:30,,2024-01-26 13:40:43.682085+05:30,FKDEV00138,FKUSR00138,19,Malleshwaram,True,No Junction,,,FKN00GL124611,MOTOR CYCLE,approved,2024-01-29 06:31:37.315000+05:30
FKID195114,13.0110445,77.5502844,"Da Ra Bendre Road, Kirloskar Foundry, Yeshwanthpur Suburb Stage 2, Yeshwanthpur, Bengaluru, Karnataka. Pin-560022 (India)",FKN00GL28774,TANKER,"[""WRONG PARKING""]",[112],2023-12-20 07:54:46+05:30,,2023-12-20 08:21:35.558042+05:30,FKDEV00082,FKUSR00082,19,Malleshwaram,True,BTP023 - Mahalaxmi Layout Entrance,,,FKN00GL28774,TANKER,approved,2023-12-21 03:10:24.094000+05:30
FKID282087,12.9990317,77.5693917,"Siddavanahalli Krishna Sharma Road, Parisara Organic Junction, Malleshwaram, Bengaluru, Karnataka. Pin-560003 (India)",FKN00GL221821,CAR,"[""WRONG PARKING""]",[112],2024-03-11 10:44:46+05:30,,2024-03-11 11:08:16.597808+05:30,FKDEV00138,FKUSR00138,19,Malleshwaram,True,No Junction,,2024-03-28 20:27:41.632868+05:30,FKN00GL221821,CAR,approved,2024-04-03 11:06:02.824000+05:30
FKID014703,13.0085505,77.5546412,"Pipeline Road, Dr Rajkumar Road 17th Cross Junction, Rajaji Nagar, Bengaluru, Karnataka. Pin-560010 (India)",FKN00GL13829,SCOOTER,"[""WRONG PARKING""]",[112],2024-01-24 12:03:46+05:30,,2024-01-24 12:11:26.663225+05:30,FKDEV00380,FKUSR00376,19,Malleshwaram,True,"BTP001 - 10th Cross, Dr. Rajkumar Road",,,FKN00GL13829,SCOOTER,approved,2024-01-26 06:42:48.129000+05:30
FKID153870,13.0068918,77.5711314,"Sri Venkataranga Ayangar Road, Ranganathapura, Malleshwaram, Bengaluru, Karnataka. Pin-560003 (India)",FKN00GL127990,MOTOR CYCLE,"[""WRONG PARKING""]",[112],2023-11-15 11:46:46+05:30,,2023-11-15 12:42:46.122272+05:30,FKDEV00138,FKUSR00138,19,Malleshwaram,True,No Junction,,,FKN00GL127990,MOTOR CYCLE,approved,2023-11-17 11:21:06.746000+05:30
FKID168973,13.0036037,77.550029,"19th Main Road, Dr M Munivenkataswamy Circle, Rajaji Nagar, Bengaluru, Karnataka. Pin-560010 (India)",FKN00GL139676,CAR,"[""WRONG PARKING""]",[112],2023-12-06 07:27:46+05:30,,2023-12-06 07:37:27.717669+05:30,FKDEV00400,FKUSR00396,19,Malleshwaram,True,"BTP026 - 1st Block Junction, Rajajinagar",,,FKN00GL139676,CAR,approved,2023-12-08 06:38:46.994000+05:30
FKID252882,13.0125484,77.5534359,"Da Ra Bendre Road, Orion, Brigade Gateway, Malleshwaram West, Bengaluru, Karnataka. Pin-560055 (India)",FKN00GL201617,PASSENGER AUTO,"[""NO PARKING""]",[113],2024-01-21 09:07:46+05:30,,2024-01-21 09:21:30.702603+05:30,FKDEV00347,FKUSR00344,19,Malleshwaram,True,No Junction,,,FKN00GL201617,PASSENGER AUTO,approved,2024-01-22 05:08:36.569000+05:30
FKID269070,12.9981056,77.5714109,"Sri Venkataranga Ayangar Road, RR Palace, Malleshwaram, Bengaluru, Karnataka. Pin-560003 (India)",FKN00GL212947,SCOOTER,"[""NO PARKING""]",[113],2024-01-26 09:37:46+05:30,,2024-01-26 09:49:06.340436+05:30,FKDEV00060,FKUSR00060,19,Malleshwaram,True,No Junction,,,FKN00GL212947,SCOOTER,approved,2024-01-27 02:46:07.454000+05:30
FKID266350,12.9994354,77.5713293,"Sri Venkataranga Ayangar Road, RR Palace, Malleshwaram, Bengaluru, Karnataka. Pin-560003 (India)",FKN00GL210961,PASSENGER AUTO,"[""WRONG PARKING""]",[112],2024-01-16 09:43:46+05:30,,2024-01-16 09:46:22.199398+05:30,FKDEV00138,FKUSR00138,19,Malleshwaram,True,No Junction,,,FKN00GL210962,PASSENGER AUTO,approved,2024-01-18 09:18:10.500000+05:30
FKID266652,12.9993467,77.55066,"19th Main Road, Block 1, Rajaji Nagar, Bengaluru, Karnataka. Pin-560010 (India)",FKN00GL211141,CAR,"[""WRONG PARKING""]",[112],2024-01-16 05:37:46+05:30,,2024-01-16 05:59:22.159142+05:30,FKDEV00270,FKUSR00269,19,Malleshwaram,True,"BTP182 - 19th Main Junction, Rajajinagar",,,FKN00GL211141,CAR,approved,2024-01-17 08:59:04.877000+05:30
FKID154053,13.0111797,77.5546824,"80 Feet Ring Road, Orion, Brigade Gateway, Malleshwaram West, Bengaluru, Karnataka. Pin-560055 (India)",FKN00GL128140,PASSENGER AUTO,"[""WRONG PARKING""]",[112],2023-11-12 06:34:46+05:30,,2023-11-13 09:49:06.502466+05:30,FKDEV00263,FKUSR00262,19,Malleshwaram,True,No Junction,,,FKN00GL128140,PASSENGER AUTO,approved,2023-11-16 07:50:48.031000+05:30
FKID003647,13.0111165,77.5544823,"80 Feet Ring Road, Orion, Brigade Gateway, Malleshwaram West, Bengaluru, Karnataka. Pin-560055 (India)",FKN00GL3612,CAR,"[""WRONG PARKING""]",[112],2024-02-01 11:03:46+05:30,,2024-02-01 11:12:04.087216+05:30,FKDEV00573,FKUSR00252,19,Malleshwaram,True,No Junction,,,FKN00GL3612,CAR,approved,2024-02-02 02:47:04.066000+05:30
FKID161727,13.01024,77.5544617,"80 Feet Ring Road, Orion, Brigade Gateway, Malleshwaram West, Bengaluru, Karnataka. Pin-560055 (India)",FKN00GL134115,CAR,"[""NO PARKING""]",[113],2023-11-13 11:52:46+05:30,,2023-11-13 11:53:09.158820+05:30,FKDEV00257,FKUSR00256,19,Malleshwaram,True,No Junction,,,FKN00GL134115,CAR,approved,2023-11-17 08:54:43.488000+05:30
FKID276260,13.0090717,77.5558043,"Pipeline Road, Dr Rajkumar Road 17th Cross Junction, Rajaji Nagar, Bengaluru, Karnataka. Pin-560010 (India)",FKN00GL217855,MOTOR CYCLE,"[""WRONG PARKING""]",[112],2024-01-31 04:13:46+05:30,,2024-01-31 04:14:52.889074+05:30,FKDEV00023,FKUSR00023,19,Malleshwaram,True,No Junction,,,FKN00GL217855,MOTOR CYCLE,approved,2024-02-04 06:56:44.158000+05:30
FKID222062,12.9651146,77.7184408,"ITPL Main Road, Vijetha Lapis Lazati, Brookefield, Bengaluru, Karnataka. Pin-560037 (India)",FKN00GL179794,PASSENGER AUTO,"[""NO PARKING""]",[113],2024-01-03 10:28:46+05:30,,2024-01-03 11:00:13.833004+05:30,FKDEV00661,FKUSR00332,13,HAL Old Airport,True,No Junction,,,FKN00GL179794,PASSENGER AUTO,approved,2024-01-04 02:35:32.800000+05:30
FKID012348,12.9339768,77.6906654,"New Horizon College Road, New Horizon College of Engineering, Kadubisanahalli, Bengaluru, Karnataka. Pin-560103 (India)",FKN00GL1053,MOTOR CYCLE,"[""WRONG PARKING""]",[112],2024-01-25 04:41:46+05:30,,2024-01-25 05:37:37.597149+05:30,FKDEV00686,FKUSR00663,13,HAL Old Airport,True,No Junction,,,FKN00GL1053,MOTOR CYCLE,approved,2024-01-27 07:19:28.761000+05:30
FKID020409,12.9614666,77.716715,"ITPL Main Road, MS Ramaiah Silicon Field Apartment, AECS Layout, Kundalhalli, Bengaluru, Karnataka. Pin-560037 (India)",FKN00GL19141,CAR,"[""WRONG PARKING""]",[112],2024-01-10 05:26:46+05:30,,2024-01-10 05:30:55.324025+05:30,FKDEV00661,FKUSR00332,13,HAL Old Airport,True,No Junction,,,FKN00GL19141,PASSENGER AUTO,approved,2024-01-23 10:10:11.831000+05:30
FKID245988,12.9659258,77.7181333,"ITPL Main Road, Vijetha Lapis Lazati, Brookefield, Bengaluru, Karnataka. Pin-560037 (India)",FKN00GL196899,SCOOTER,"[""WRONG PARKING""]",[112],2024-01-16 07:05:46+05:30,,2024-01-16 07:41:36.176323+05:30,FKDEV00333,FKUSR00332,13,HAL Old Airport,True,No Junction,,,FKN00GL196899,SCOOTER,approved,2024-01-18 07:51:37.872000+05:30
FKID132468,12.9567647,77.7026524,"HAL Airport Road, MS Reddy Nagar, Marathahalli, Bengaluru, Karnataka. Pin-560037 (India)",FKN00GL110436,CAR,"[""PARKING IN A MAIN ROAD"",""WRONG PARKING""]","[107,112]",2023-12-01 04:42:46+05:30,,2023-12-01 04:44:36.769028+05:30,FKDEV00046,FKUSR00046,13,HAL Old Airport,True,No Junction,,,FKN00GL110436,CAR,approved,2023-12-02 05:23:29.332000+05:30
FKID244063,12.9354686,77.6901943,"Kariyammana Agrahara Road, Prestige Silver Crest, Kadubisanahalli, Bengaluru, Karnataka. Pin-560103 (India)",FKN00GL193570,SCOOTER,"[""NO PARKING""]",[113],2024-01-13 10:04:46+05:30,,2024-01-13 11:21:39.136005+05:30,FKDEV00711,FKUSR00684,13,HAL Old Airport,True,No Junction,,,FKN00GL193570,SCOOTER,approved,2024-01-14 04:00:57.749000+05:30
FKID231619,12.9340359,77.6907716,"New Horizon College Road, New Horizon College of Engineering, Kadubisanahalli, Bengaluru, Karnataka. Pin-560103 (India)",FKN00GL5033,SCOOTER,"[""PARKING NEAR BUSTOP/SCHOOL/HOSPITAL ETC"",""NO PARKING""]","[111,113]",2024-01-02 02:26:46+05:30,,2024-01-02 02:35:52.259253+05:30,FKDEV00437,FKUSR00431,13,HAL Old Airport,True,No Junction,,,FKN00GL5033,SCOOTER,approved,2024-01-05 09:52:22.704000+05:30
FKID164066,12.9265875,77.6947679,"Doddakannelli Road, Mayfair Anthem, Bhoganahalli, Bengaluru, Karnataka. Pin-560103 (India)",FKN00GL135814,PASSENGER AUTO,"[""NO PARKING""]",[113],2023-11-18 04:08:46+05:30,,2023-11-18 07:42:18.777414+05:30,FKDEV00999,FKUSR00958,13,HAL Old Airport,True,No Junction,,,FKN00GL135814,PASSENGER AUTO,approved,2023-11-19 03:44:38.055000+05:30
FKID266591,12.9332469,77.6911595,"New Horizon College Road, Embassy Tech Village, Devara Beesana Halli, Bengaluru, Karnataka. Pin-560103 (India)",FKN00GL3495,SCOOTER,"[""NO PARKING""]",[113],2024-01-16 06:36:46+05:30,,2024-01-16 06:39:18.740887+05:30,FKDEV00646,FKUSR00626,13,HAL Old Airport,True,No Junction,,,FKN00GL3495,SCOOTER,approved,2024-01-18 10:21:53.157000+05:30
FKID180369,12.9648257,77.7178941,"60 Feet Main Road, Brigade Tech Gardens, Brookefield, Bengaluru, Karnataka. Pin-560037 (India)",FKN00GL148674,MOTOR CYCLE,"[""WRONG PARKING""]",[112],2023-12-13 08:08:46+05:30,,2023-12-13 08:10:20.499445+05:30,FKDEV00333,FKUSR00332,13,HAL Old Airport,True,No Junction,,,FKN00GL148674,MOTOR CYCLE,approved,2023-12-15 09:30:27.380000+05:30
FKID264856,12.9364255,77.6925187,"Embassy Tech Square Main Road, Salarpuria Sattva Premia, Kadubisanahalli, Bengaluru, Karnataka. Pin-560103 (India)",FKN00GL209996,PASSENGER AUTO,"[""NO PARKING""]",[113],2024-01-19 04:23:46+05:30,,2024-01-19 05:59:33.953729+05:30,FKDEV00984,FKUSR00944,13,HAL Old Airport,True,No Junction,,,FKN00GL209996,PASSENGER AUTO,approved,2024-01-20 05:18:25.937000+05:30
FKID232928,12.9610057,77.7016942,"Outer Ring Road, Anand Nagar, Marathahalli, Bengaluru, Karnataka. Pin-560037 (India)",FKN00GL187642,CAR,"[""NO PARKING""]",[113],2024-01-07 07:09:46+05:30,,2024-01-07 12:07:09.706093+05:30,FKDEV00705,FKUSR00679,13,HAL Old Airport,True,No Junction,,,FKN00GL187642,CAR,approved,2024-01-08 05:27:53.380000+05:30
FKID159737,12.9389526,77.6947648,"Kadubeesanahalli Underpass, LGCL United Towers, Kadubisanahalli, Bengaluru, Karnataka. Pin-560103 (India)",FKN00GL132576,MAXI-CAB,"[""WRONG PARKING""]",[112],2023-11-14 07:39:46+05:30,,2023-11-16 09:25:18.203947+05:30,FKDEV00049,FKUSR00049,13,HAL Old Airport,True,No Junction,,,FKN00GL132576,MAXI-CAB,approved,2023-11-17 07:29:14.532000+05:30
FKID191905,12.92827,77.6816267,"Outer Ring Road, Shivanasamudra Ward, Bengaluru East City Corporation, Bengaluru, Bangalore East, Bengaluru Urban, Karnataka, 560103, India",FKN00GL157406,CAR,"[""WRONG PARKING""]",[112],2023-12-16 01:53:46+05:30,,2023-12-16 04:01:15.430698+05:30,FKDEV00134,FKUSR00134,13,HAL Old Airport,True,No Junction,,,FKN00GL157406,CAR,approved,2023-12-17 06:54:31.262000+05:30
FKID233074,12.9317495,77.6847475,"Devarabisanahalli Road, Kariyammana Agrahara, Bengaluru, Karnataka. Pin-560103 (India)",FKN00GL187759,SCOOTER,"[""WRONG PARKING""]",[112],2024-01-07 05:59:46+05:30,,2024-01-07 07:13:18.804933+05:30,FKDEV02448,FKUSR00773,13,HAL Old Airport,True,No Junction,,,FKN00GL187759,SCOOTER,approved,2024-01-08 06:05:10.481000+05:30
FKID244192,12.9330332,77.6913351,"New Horizon College Road, Embassy Tech Village, Devara Beesana Halli, Bengaluru, Karnataka. Pin-560103 (India)",FKN00GL19672,SCOOTER,"[""NO PARKING""]",[113],2024-01-16 07:06:46+05:30,,2024-01-16 07:13:30.056948+05:30,FKDEV00588,FKUSR00572,13,HAL Old Airport,True,No Junction,,,FKN00GL19672,SCOOTER,approved,2024-01-18 09:06:40.238000+05:30
FKID009934,12.93052438294314,77.68565200981077,"Outer Ring Road, Vajram Esteva, Devara Beesana Halli, Bengaluru, Karnataka. Pin-560103 (India)",FKN00GL9392,PASSENGER AUTO,"[""NO PARKING""]",[113],2024-02-01 07:09:46+05:30,,2024-02-01 07:20:48.056724+05:30,FKDEV00016,FKUSR00016,13,HAL Old Airport,True,No Junction,,,FKN00GL9392,PASSENGER AUTO,approved,2024-02-02 03:38:05.895000+05:30
FKID254976,12.9652248,77.7183293,"ITPL Main Road, Vijetha Lapis Lazati, Brookefield, Bengaluru, Karnataka. Pin-560037 (India)",FKN00GL203117,CAR,"[""WRONG PARKING""]",[112],2024-01-21 08:04:46+05:30,,2024-01-21 08:33:52.546786+05:30,FKDEV00333,FKUSR00332,13,HAL Old Airport,True,No Junction,,,FKN00GL203117,CAR,approved,2024-01-23 03:24:35.229000+05:30
FKID241454,12.9397683,77.6940698,"Yemalur Road, Sree Utopia Apartment, Kadubisanahalli, Bengaluru, Karnataka. Pin-560103 (India)",FKN00GL193515,MAXI-CAB,"[""NO PARKING""]",[113],2024-01-11 09:31:46+05:30,,2024-01-11 09:44:54.789937+05:30,FKDEV00711,FKUSR00684,13,HAL Old Airport,True,No Junction,,,FKN00GL193515,MAXI-CAB,approved,2024-01-18 12:02:38.101000+05:30
FKID222856,12.9397332,77.6955182,"Kadubeesanahalli Underpass, Kadubisanahalli Junction, Kadubisanahalli, Bengaluru, Karnataka. Pin-560103 (India)",FKN00GL180346,CAR,"[""PARKING IN A MAIN ROAD"",""WRONG PARKING""]","[107,112]",2024-01-04 06:54:46+05:30,,2024-01-04 07:02:22.488896+05:30,FKDEV00026,FKUSR00026,13,HAL Old Airport,True,No Junction,,,FKN00GL180346,CAR,approved,2024-01-05 07:26:04.824000+05:30
FKID249405,12.9334896,77.6909789,"New Horizon College Road, New Horizon College of Engineering, Kadubisanahalli, Bengaluru, Karnataka. Pin-560103 (India)",FKN00GL199259,MOTOR CYCLE,"[""NO PARKING""]",[113],2024-01-17 09:57:46+05:30,,2024-01-17 09:59:45.459145+05:30,FKDEV00588,FKUSR00572,13,HAL Old Airport,True,No Junction,,,FKN00GL199259,MOTOR CYCLE,approved,2024-01-18 05:33:01.540000+05:30
FKID291607,12.9339318,77.6907634,"New Horizon College Road, New Horizon College of Engineering, Kadubisanahalli, Bengaluru, Karnataka. Pin-560103 (India)",FKN00GL228433,SCOOTER,"[""PARKING IN A MAIN ROAD"",""NO PARKING""]","[107,113]",2024-03-13 05:32:46+05:30,,2024-03-13 05:33:47.307658+05:30,FKDEV00566,FKUSR00554,13,HAL Old Airport,True,No Junction,,2024-03-30 20:11:23.320497+05:30,FKN00GL228433,SCOOTER,approved,2024-04-03 07:13:25.292000+05:30
FKID241928,12.9339867,77.6913933,"New Horizon College Road, New Horizon College of Engineering, Kadubisanahalli, Bengaluru, Karnataka. Pin-560103 (India)",FKN00GL7339,MOTOR CYCLE,"[""PARKING IN A MAIN ROAD"",""WRONG PARKING""]","[107,112]",2024-01-11 11:18:46+05:30,,2024-01-11 11:30:33.733954+05:30,FKDEV00249,FKUSR00248,13,HAL Old Airport,True,No Junction,,,FKN00GL7339,MOTOR CYCLE,approved,2024-01-12 02:01:12.360000+05:30
FKID233729,12.9339087,77.6907447,"New Horizon College Road, New Horizon College of Engineering, Kadubisanahalli, Bengaluru, Karnataka. Pin-560103 (India)",FKN00GL185293,SCOOTER,"[""WRONG PARKING""]",[112],2024-01-06 09:06:46+05:30,,2024-01-06 09:10:49.596901+05:30,FKDEV00167,FKUSR00167,13,HAL Old Airport,True,No Junction,,,FKN00GL185293,SCOOTER,approved,2024-01-07 04:18:14.432000+05:30
FKID266686,12.9375056,77.6937226,"Embassy Tech Square Main Road, Featherlite The Address, Kadubisanahalli, Bengaluru, Karnataka. Pin-560103 (India)",FKN00GL211165,CAR,"[""NO PARKING""]",[113],2024-01-16 04:58:46+05:30,,2024-01-16 05:00:46.786806+05:30,FKDEV00588,FKUSR00572,13,HAL Old Airport,True,No Junction,,,FKN00GL211165,MAXI-CAB,approved,2024-01-17 08:44:09.067000+05:30
FKID225116,12.9507566,77.6999321,"Outer Ring Road, Sharadamma Layout, Munnekolala, Bengaluru, Karnataka. Pin-560037 (India)",FKN00GL181987,SCOOTER,"[""WRONG PARKING""]",[112],2024-01-06 05:13:46+05:30,,2024-01-06 05:16:18.923321+05:30,FKDEV00049,FKUSR00049,13,HAL Old Airport,True,No Junction,,,FKN00GL181987,SCOOTER,approved,2024-01-07 10:37:07.088000+05:30
FKID248671,12.9529681,77.7002143,"Outer Ring Road, Aishwarya Opulence, Marathahalli Village, Marathahalli, Bengaluru, Karnataka. Pin-560037 (India)",FKN00GL198766,CAR,"[""PARKING IN A MAIN ROAD"",""WRONG PARKING""]","[107,112]",2024-01-17 06:19:46+05:30,,2024-01-17 06:22:53.893591+05:30,FKDEV00168,FKUSR00756,13,HAL Old Airport,True,No Junction,,,FKN00GL198766,MAXI-CAB,approved,2024-01-18 11:07:34.128000+05:30
FKID243913,12.9588,77.668025,"Dr BR Ambedkar Road, HAL Circle, Airport Area, Bengaluru, Karnataka. Pin-560017 (India)",FKN00GL195326,MOTOR CYCLE,"[""WRONG PARKING""]",[112],2024-01-15 04:11:46+05:30,,2024-01-15 04:14:29.373814+05:30,FKDEV00333,FKUSR00332,13,HAL Old Airport,True,No Junction,,,FKN00GL195326,MOTOR CYCLE,approved,2024-01-16 06:52:18.808000+05:30
FKID221960,12.9435317,77.6975467,"Outer Ring Road, Salarpuria Sattva Eminence, Kadubisanahalli, Bengaluru, Karnataka. Pin-560103 (India)",FKN00GL179717,MAXI-CAB,"[""WRONG PARKING""]",[112],2024-01-04 06:04:46+05:30,,2024-01-04 06:23:48.857250+05:30,FKDEV00369,FKUSR00365,13,HAL Old Airport,True,No Junction,,,FKN00GL179717,MAXI-CAB,approved,2024-01-05 06:30:16.075000+05:30
FKID266365,12.9338108,77.6907658,"New Horizon College Road, New Horizon College of Engineering, Kadubisanahalli, Bengaluru, Karnataka. Pin-560103 (India)",FKN00GL131579,SCOOTER,"[""PARKING IN A MAIN ROAD"",""NO PARKING""]","[107,113]",2024-01-16 09:29:46+05:30,,2024-01-16 09:39:38.698135+05:30,FKDEV00518,FKUSR00507,13,HAL Old Airport,True,No Junction,,,FKN00GL131579,SCOOTER,approved,2024-01-17 09:28:21.522000+05:30
FKID296520,12.9973917,77.5485057,"2nd Cross Road, Phase 1, Manjunatha Nagar, Rajaji Nagar, Bengaluru, Karnataka. Pin-560010 (India)",FKN00GL231738,SCOOTER,"[""WRONG PARKING""]",[112],2024-03-14 09:56:46+05:30,,2024-03-14 10:39:31.658577+05:30,FKDEV00531,FKUSR00520,30,Vijayanagara,True,BTP027 - Modi Bridge Junction,,2024-04-01 02:09:44.078388+05:30,FKN00GL231738,SCOOTER,approved,2024-04-06 10:42:38.990000+05:30
FKID288051,12.9689287,77.5362354,"20th Main Road, Ganga Government Quarters, MRCR Layout, Vijaya Nagar, Bengaluru, Karnataka. Pin-560040 (India)",FKN00GL226030,SCOOTER,"[""NO PARKING""]",[113],2023-12-26 11:21:46+05:30,,2023-12-26 11:38:28.828692+05:30,FKDEV00050,FKUSR00050,30,Vijayanagara,True,"BTP022 - Marenahalli Junction, Vijayanagar",,,FKN00GL226030,SCOOTER,approved,2023-12-27 01:26:11.979000+05:30
FKID001260,12.9740371,77.5449363,"Chord Road, Manuvana, Vijaya Nagar, Bengaluru, Karnataka. Pin-560040 (India)",FKN00GL1250,SCOOTER,"[""NO PARKING""]",[113],2023-11-30 06:38:46+05:30,,2023-11-30 06:46:47.746416+05:30,FKDEV00162,FKUSR00162,30,Vijayanagara,True,BTP020 - Hosahalli Metro Station,,,FKN00GL1250,SCOOTER,approved,2023-12-01 04:55:43.614000+05:30
FKID287665,12.9989483,77.5410017,"Dr Siddaiah Puranik Marg, Shankarmata Circle, Basaveshwara Nagar, Bengaluru, Karnataka. Pin-560086 (India)",FKN00GL225767,CAR,"[""WRONG PARKING""]",[112],2023-12-26 08:44:46+05:30,,2023-12-26 08:48:42.308276+05:30,FKDEV00531,FKUSR00520,30,Vijayanagara,True,"BTP206 - Shankara Mutt Circle, Vijayanagar",,,FKN00GL225767,CAR,approved,2023-12-27 05:22:11.476000+05:30
FKID170016,12.9744631,77.5454481,"Chord Road, Manuvana, Vijaya Nagar, Bengaluru, Karnataka. Pin-560040 (India)",FKN00GL0417,MOTOR CYCLE,"[""WRONG PARKING""]",[112],2023-12-09 05:59:46+05:30,,2023-12-09 06:16:52.438413+05:30,FKDEV02583,FKUSR02307,30,Vijayanagara,True,BTP020 - Hosahalli Metro Station,,,FKN00GL0417,SCOOTER,approved,2023-12-10 05:10:18.905000+05:30
FKID136971,12.9738463,77.544863,"1st B Main Road, Manuvana, Vijaya Nagar, Bengaluru, Karnataka. Pin-560040 (India)",FKN00GL114135,SCOOTER,"[""WRONG PARKING"",""DEFECTIVE NUMBER PLATE""]","[112,116]",2023-11-28 09:07:46+05:30,,2023-11-28 09:19:14.710302+05:30,FKDEV00696,FKUSR00671,30,Vijayanagara,True,BTP020 - Hosahalli Metro Station,,,FKN00GL114135,SCOOTER,approved,2023-12-03 09:03:34.982000+05:30
FKID290708,12.9982369,77.5407671,"Dr Siddaiah Puranik Marg, Bhimajyothi LIC Colony, Basaveshwara Nagar, Bengaluru, Karnataka. Pin-560079 (India)",FKN00GL227841,SCOOTER,"[""WRONG PARKING""]",[112],2024-03-12 06:48:46+05:30,,2024-03-12 06:57:09.377939+05:30,FKDEV00801,FKUSR00770,30,Vijayanagara,True,"BTP206 - Shankara Mutt Circle, Vijayanagar",,2024-03-29 06:29:51.889265+05:30,FKN00GL227841,SCOOTER,approved,2024-04-04 07:18:34.530000+05:30
FKID179709,12.9649068,77.5386036,"Sri Sankasta Hara Ganapati Temple Road, RPC Layout, Vijaya Nagar Stage 2, Bengaluru, Karnataka. Pin-560104 (India)",FKN00GL148170,SCOOTER,"[""WRONG PARKING""]",[112],2023-12-12 11:21:46+05:30,,2023-12-12 11:25:06.385020+05:30,FKDEV00165,FKUSR00165,30,Vijayanagara,True,"BTP016 - 5th Main Road, RPC Layout",,,FKN00GL148170,SCOOTER,approved,2023-12-13 03:38:36.904000+05:30
FKID216563,12.9670198,77.5362246,"Leela Industries, 3/2/7, Sha Shi Marulayya Road, Hampi Nagar, Bengaluru West City Corporation, Bengaluru, Bangalore North, Bengaluru Urban, Karnataka, 560040, India",FKN00GL32293,CAR,"[""WRONG PARKING""]",[112],2023-12-31 10:20:46+05:30,,2023-12-31 10:35:31.746101+05:30,FKDEV00370,FKUSR00366,30,Vijayanagara,True,"BTP016 - 5th Main Road, RPC Layout",,,FKN00GL32293,CAR,approved,2024-01-01 05:58:59.749000+05:30
FKID253067,12.997474,77.5486928,"Padmabhushan Dr MC Modi Road, Phase 1, Manjunatha Nagar, Rajaji Nagar, Bengaluru, Karnataka. Pin-560010 (India)",FKN00GL201756,SCOOTER,"[""NO PARKING""]",[113],2024-01-19 08:48:46+05:30,,2024-01-19 08:57:30.546438+05:30,FKDEV00178,FKUSR00178,30,Vijayanagara,True,BTP027 - Modi Bridge Junction,,,FKN00GL201756,SCOOTER,approved,2024-01-20 07:05:37.836000+05:30
FKID247429,12.9744129,77.547648,"Chord Road, Sindhya Sunshine Apartment, Vijaya Nagar, Bengaluru, Karnataka. Pin-560040 (India)",FKN00GL197917,SCOOTER,"[""NO PARKING""]",[113],2024-01-15 10:01:46+05:30,,2024-01-15 10:12:26.095116+05:30,FKDEV00178,FKUSR00178,30,Vijayanagara,True,BTP069 - MC Circle,,,FKN00GL197917,SCOOTER,approved,2024-01-16 06:36:04.332000+05:30
FKID190621,12.9974545,77.5473391,"Padmabhushan Dr MC Modi Road, Phase 1, Manjunatha Nagar, Rajaji Nagar, Bengaluru, Karnataka. Pin-560010 (India)",FKN00GL156407,SCOOTER,"[""WRONG PARKING""]",[112],2023-12-18 09:49:46+05:30,,2023-12-18 09:52:02.445230+05:30,FKDEV00387,FKUSR00384,30,Vijayanagara,True,BTP205 - Modi Hospital Junction,,,FKN00GL156407,SCOOTER,approved,2023-12-19 08:43:52.805000+05:30
FKID252071,12.9773275,77.5456951,"1st Cross Road, Oddarapalya, Agrahara Dasarahalli, Bengaluru, Karnataka. Pin-560079 (India)",FKN00GL201064,MOTOR CYCLE,"[""NO PARKING""]",[113],2024-01-17 03:00:46+05:30,,2024-01-17 03:06:34.116404+05:30,FKDEV00413,FKUSR00409,30,Vijayanagara,True,BTP068 - Veeresh Theatre Junction,,,FKN00GL201064,MOTOR CYCLE,approved,2024-01-19 10:34:52.429000+05:30
FKID193974,12.9884348,77.5483589,"M Thimmaiah Road, Bovi Colony, Shiva Nagar, Rajaji Nagar, Bengaluru, Karnataka. Pin-560010 (India)",FKN00GL159021,SCOOTER,"[""WRONG PARKING""]",[112],2023-12-20 01:52:46+05:30,,2023-12-20 02:33:22.302316+05:30,FKDEV00413,FKUSR00409,30,Vijayanagara,True,BTP018 - Dhobi Ghat Junction,,,FKN00GL159021,SCOOTER,approved,2023-12-20 02:57:10.767000+05:30
FKID142844,12.9649694,77.5387739,"Sri Sankasta Hara Ganapati Temple Road, RPC Layout, Vijaya Nagar Stage 2, Bengaluru, Karnataka. Pin-560104 (India)",FKN00GL119007,SCOOTER,"[""WRONG PARKING""]",[112],2023-11-10 05:15:46+05:30,,2023-11-10 05:22:52.858866+05:30,FKDEV00801,FKUSR00770,30,Vijayanagara,True,"BTP016 - 5th Main Road, RPC Layout",,,FKN00GL119007,SCOOTER,approved,2023-11-16 10:30:28.272000+05:30
FKID164587,12.9745744,77.545261,"Chord Road, Manuvana, Vijaya Nagar, Bengaluru, Karnataka. Pin-560040 (India)",FKN00GL128204,SCOOTER,"[""NO PARKING""]",[113],2023-11-17 09:22:46+05:30,,2023-11-17 09:26:33.447830+05:30,FKDEV00387,FKUSR00384,30,Vijayanagara,True,BTP020 - Hosahalli Metro Station,,,FKN00GL128204,SCOOTER,approved,2023-11-19 05:53:36.338000+05:30
FKID184585,12.9974017,77.5463927,"Padmabhushan Dr MC Modi Road, Indiranagar, Rajaji Nagar, Bengaluru, Karnataka. Pin-560010 (India)",FKN00GL151796,MOTOR CYCLE,"[""WRONG PARKING""]",[112],2023-12-14 05:50:46+05:30,,2023-12-14 06:47:30.402023+05:30,FKDEV00006,FKUSR00006,30,Vijayanagara,True,BTP205 - Modi Hospital Junction,,,FKN00GL151796,MOTOR CYCLE,approved,2023-12-15 05:56:44.532000+05:30
FKID158915,12.9655876,77.5369113,"Sri Sankasta Hara Ganapati Temple Road, RPC Layout, Vijaya Nagar Stage 2, Bengaluru, Karnataka. Pin-560104 (India)",FKN00GL29573,CAR,"[""WRONG PARKING""]",[112],2023-11-14 02:20:46+05:30,,2023-11-14 02:32:18.466805+05:30,FKDEV00412,FKUSR00408,30,Vijayanagara,True,"BTP016 - 5th Main Road, RPC Layout",,,FKN00GL29573,CAR,approved,2023-11-16 05:38:15.683000+05:30
FKID145233,12.9736259,77.5457225,"Chord Road, Manuvana, Vijaya Nagar, Bengaluru, Karnataka. Pin-560040 (India)",FKN00GL111260,SCOOTER,"[""NO PARKING""]",[113],2023-12-07 05:13:46+05:30,,2023-12-07 05:17:37.877856+05:30,FKDEV00215,FKUSR00215,30,Vijayanagara,True,BTP020 - Hosahalli Metro Station,,,FKN00GL111260,SCOOTER,approved,2023-12-08 04:36:16.133000+05:30
FKID197215,12.9975301,77.5485922,"Padmabhushan Dr MC Modi Road, Phase 1, Manjunatha Nagar, Rajaji Nagar, Bengaluru, Karnataka. Pin-560010 (India)",FKN00GL44458,SCOOTER,"[""WRONG PARKING""]",[112],2023-12-21 04:58:46+05:30,,2023-12-21 05:33:50.706809+05:30,FKDEV00137,FKUSR00137,30,Vijayanagara,True,BTP027 - Modi Bridge Junction,,,FKN00GL44458,SCOOTER,approved,2023-12-22 05:22:16.986000+05:30
FKID195631,12.9643929,77.540469,"Sri Sankasta Hara Ganapati Temple Road, Hampi Nagar, RPC Layout, Vijaya Nagar Stage 2, Bengaluru, Karnataka. Pin-560104 (India)",FKN00GL160324,MOTOR CYCLE,"[""WRONG PARKING""]",[112],2023-12-21 02:43:46+05:30,,2023-12-21 02:59:54.411647+05:30,FKDEV00674,FKUSR00652,30,Vijayanagara,True,No Junction,,,FKN00GL160324,MOTOR CYCLE,approved,2023-12-24 10:20:03.459000+05:30
FKID278270,12.9741196,77.5447813,"Chord Road, Manuvana, Vijaya Nagar, Bengaluru, Karnataka. Pin-560040 (India)",FKN00GL219224,MOTOR CYCLE,"[""NO PARKING""]",[113],2023-11-29 08:41:46+05:30,,2023-11-29 08:52:16.926504+05:30,FKDEV00836,FKUSR00806,30,Vijayanagara,True,BTP020 - Hosahalli Metro Station,,,FKN00GL219224,MOTOR CYCLE,approved,2023-12-02 06:34:56.758000+05:30
FKID237896,12.9987199,77.5409068,"Dr Siddaiah Puranik Marg, Shankarmata Circle, Basaveshwara Nagar, Bengaluru, Karnataka. Pin-560086 (India)",FKN00GL7241,SCOOTER,"[""WRONG PARKING""]",[112],2024-01-10 03:54:46+05:30,,2024-01-10 04:07:43.841239+05:30,FKDEV00055,FKUSR00055,30,Vijayanagara,True,"BTP206 - Shankara Mutt Circle, Vijayanagar",,,FKN00GL7241,SCOOTER,approved,2024-01-12 09:21:10.193000+05:30
FKID282134,12.9648407,77.5389157,"Sri Sankasta Hara Ganapati Temple Road, RPC Layout, Vijaya Nagar Stage 2, Bengaluru, Karnataka. Pin-560104 (India)",FKN00GL221851,SCOOTER,"[""WRONG PARKING""]",[112],2023-11-25 02:43:46+05:30,,2023-11-25 02:59:48.372261+05:30,FKDEV00674,FKUSR00652,30,Vijayanagara,True,"BTP016 - 5th Main Road, RPC Layout",,,FKN00GL221851,SCOOTER,approved,2023-11-26 09:55:47.615000+05:30
FKID157359,12.999435,77.5412017,"Dr Siddaiah Puranik Marg, Shankarmata Circle, Basaveshwara Nagar, Bengaluru, Karnataka. Pin-560086 (India)",FKN00GL130702,PASSENGER AUTO,"[""NO PARKING""]",[113],2023-12-07 09:53:46+05:30,,2023-12-07 10:09:58.319600+05:30,FKDEV00261,FKUSR00260,30,Vijayanagara,True,"BTP206 - Shankara Mutt Circle, Vijayanagar",,,FKN00GL130702,PASSENGER AUTO,approved,2023-12-08 04:46:38.674000+05:30
FKID253012,12.9688691,77.53651,"20th Main Road, Ganga Government Quarters, MRCR Layout, Vijaya Nagar, Bengaluru, Karnataka. Pin-560040 (India)",FKN00GL201715,MOTOR CYCLE,"[""PARKING IN A MAIN ROAD"",""NO PARKING""]","[107,113]",2024-01-20 08:34:46+05:30,,2024-01-20 08:51:13.566683+05:30,FKDEV00674,FKUSR00652,30,Vijayanagara,True,"BTP022 - Marenahalli Junction, Vijayanagar",,,FKN00GL201715,MOTOR CYCLE,approved,2024-01-21 08:02:36.018000+05:30
FKID286087,12.9647175,77.5393342,"Sri Sankasta Hara Ganapati Temple Road, RPC Layout, Vijaya Nagar Stage 2, Bengaluru, Karnataka. Pin-560104 (India)",FKN00GL98104,SCOOTER,"[""WRONG PARKING""]",[112],2023-12-24 02:53:46+05:30,,2023-12-24 03:04:16.661499+05:30,FKDEV00094,FKUSR00095,30,Vijayanagara,True,"BTP016 - 5th Main Road, RPC Layout",,,FKN00GL98104,SCOOTER,approved,2023-12-25 08:19:52.406000+05:30
FKID253062,12.9974961,77.5487268,"Padmabhushan Dr MC Modi Road, Phase 1, Manjunatha Nagar, Rajaji Nagar, Bengaluru, Karnataka. Pin-560010 (India)",FKN00GL201754,SCOOTER,"[""NO PARKING""]",[113],2024-01-19 08:48:46+05:30,,2024-01-19 08:57:28.660008+05:30,FKDEV00178,FKUSR00178,30,Vijayanagara,True,BTP027 - Modi Bridge Junction,,,FKN00GL201754,SCOOTER,approved,2024-01-20 07:06:59.226000+05:30
FKID200883,12.9974781,77.5485146,"Padmabhushan Dr MC Modi Road, Phase 1, Manjunatha Nagar, Rajaji Nagar, Bengaluru, Karnataka. Pin-560010 (India)",FKN00GL111310,MOTOR CYCLE,"[""WRONG PARKING""]",[112],2023-12-21 07:33:46+05:30,,2023-12-21 07:36:39.399732+05:30,FKDEV00055,FKUSR00055,30,Vijayanagara,True,BTP027 - Modi Bridge Junction,,,FKN00GL111310,MOTOR CYCLE,approved,2023-12-24 07:37:19.700000+05:30
FKID184235,12.9689401,77.5362907,"20th Main Road, Ganga Government Quarters, MRCR Layout, Vijaya Nagar, Bengaluru, Karnataka. Pin-560040 (India)",FKN00GL151540,LGV,"[""NO PARKING""]",[113],2023-12-14 12:02:46+05:30,,2023-12-14 12:05:01.223319+05:30,FKDEV00050,FKUSR00050,30,Vijayanagara,True,"BTP022 - Marenahalli Junction, Vijayanagar",,,FKN00GL151540,LGV,approved,2023-12-16 12:14:14.355000+05:30
FKID151017,12.9483831,77.5800758,"Karumbigal Road, Lalbhagh West Gate Circle, Mavalli, Bengaluru, Karnataka. Pin-560004 (India)",FKN00GL125728,SCOOTER,"[""WRONG PARKING""]",[112],2023-11-14 02:35:46+05:30,,2023-11-14 02:59:00.536372+05:30,FKDEV00641,FKUSR00621,28,City Market,True,BTP184 - Lalbagh West Gate,,,FKN00GL125728,SCOOTER,approved,2023-11-16 04:44:30.890000+05:30
FKID180674,12.9697542,77.575802,"Old Tharagupete Cross Road, Chickpet Circle, Chickpete, Bengaluru, Karnataka. Pin-560053 (India)",FKN00GL148891,SCOOTER,"[""NO PARKING""]",[113],2023-12-12 06:58:46+05:30,,2023-12-12 07:14:27.973761+05:30,FKDEV01092,FKUSR01042,28,City Market,True,No Junction,,,FKN00GL148891,SCOOTER,approved,2023-12-13 07:15:11.726000+05:30
FKID181934,12.9607606,77.5777287,"Kalasipalyam Main Road, Mothinagar, Kalasipalyam, Bengaluru, Karnataka. Pin-560002 (India)",FKN00GL149800,CAR,"[""WRONG PARKING""]",[112],2023-12-13 11:55:46+05:30,,2023-12-13 12:31:11.478566+05:30,FKDEV00151,FKUSR00151,28,City Market,True,BTP104 - Medical College Circle,,,FKN00GL149800,MOTOR CYCLE,approved,2023-12-15 07:39:32.991000+05:30
FKID189702,12.9645779,77.576436,"Mysore Road, Sri Krishna Rajendra Market, Chickpete, Bengaluru, Karnataka. Pin-560002 (India)",FKN00GL11270,SCOOTER,"[""WRONG PARKING""]",[112],2023-12-17 06:07:46+05:30,,2023-12-17 06:35:10.347321+05:30,FKDEV00328,FKUSR00327,28,City Market,True,BTP082 - KR Market Junction,,,FKN00GL11270,SCOOTER,approved,2023-12-18 05:33:18.894000+05:30
FKID194192,12.9576014,77.5799938,"Mavali Tank Bund Road, Journalist Colony, Bengaluru, Karnataka. Pin-560002 (India)",FKN00GL159193,LGV,"[""WRONG PARKING""]",[112],2023-12-20 01:52:46+05:30,,2023-12-20 02:29:13.896494+05:30,FKDEV00561,FKUSR00549,28,City Market,True,BTP167 - JC Road Junction,,,FKN00GL159193,LGV,approved,2023-12-20 03:40:22.247000+05:30
FKID245103,12.9633677,77.5773788,"Kalasipalyam Main Road, City Market Circle, Bengaluru, Karnataka. Pin-560002 (India)",FKN00GL196244,CAR,"[""WRONG PARKING""]",[112],2024-01-14 01:00:46+05:30,,2024-01-14 02:06:05.436912+05:30,FKDEV00721,FKUSR00694,28,City Market,True,BTP082 - KR Market Junction,,,FKN00GL196244,CAR,approved,2024-01-14 04:45:54.826000+05:30
FKID281620,12.9645811,77.5758795,"BGS Flyover, Sri Krishna Rajendra Market, Chickpete, Bengaluru, Karnataka. Pin-560002 (India)",FKN00GL221508,PASSENGER AUTO,"[""WRONG PARKING""]",[112],2024-03-12 01:50:46+05:30,,2024-03-12 02:23:03.497316+05:30,FKDEV00299,FKUSR00298,28,City Market,True,BTP082 - KR Market Junction,,2024-03-28 23:30:04.746735+05:30,FKN00GL221508,PASSENGER AUTO,approved,2024-04-04 02:40:42.769000+05:30
FKID264325,12.9644289,77.5776733,"Silver Jubilee Park Road, City Market Circle, Bengaluru, Karnataka. Pin-560002 (India)",FKN00GL209641,SCOOTER,"[""WRONG PARKING""]",[112],2024-01-20 08:30:46+05:30,,2024-01-20 09:17:53.041922+05:30,FKDEV01057,FKUSR01010,28,City Market,True,BTP082 - KR Market Junction,,,FKN00GL209641,SCOOTER,approved,2024-01-21 06:18:57.225000+05:30
FKID147516,12.9701543,77.5758089,"AS Char Main Road, Balepete, Chickpete, Bengaluru, Karnataka. Pin-560053 (India)",FKN00GL122882,LGV,"[""WRONG PARKING""]",[112],2023-11-11 06:45:46+05:30,,2023-11-11 11:39:52.676013+05:30,FKDEV00009,FKUSR00009,28,City Market,True,BTP043 - Upparpet Junction,,,FKN00GL122882,LGV,approved,2023-11-15 03:56:46.894000+05:30
FKID165213,12.96993,77.5757117,"AS Char Main Road, Chickpet Circle, Chickpete, Bengaluru, Karnataka. Pin-560053 (India)",FKN00GL136674,MOTOR CYCLE,"[""WRONG PARKING""]",[112],2023-11-20 00:35:46+05:30,,2023-11-20 00:42:34.482338+05:30,FKDEV00561,FKUSR00549,28,City Market,True,BTP043 - Upparpet Junction,,,FKN00GL136674,MOTOR CYCLE,approved,2023-11-20 01:00:47.418000+05:30
FKID158542,12.9644218,77.5781819,"Silver Jubilee Park Road, City Market Circle, Bengaluru, Karnataka. Pin-560002 (India)",FKN00GL131632,SCOOTER,"[""WRONG PARKING""]",[112],2023-12-08 10:50:46+05:30,,2023-12-08 11:08:20.082707+05:30,FKDEV00328,FKUSR00327,28,City Market,True,BTP082 - KR Market Junction,,,FKN00GL131632,SCOOTER,approved,2023-12-10 07:33:38.461000+05:30
FKID180396,12.9647967,77.5759576,"Mysore Road, Sri Krishna Rajendra Market, Chickpete, Bengaluru, Karnataka. Pin-560002 (India)",FKN00GL148695,MOTOR CYCLE,"[""NO PARKING""]",[113],2023-12-13 08:04:46+05:30,,2023-12-13 08:13:37.116774+05:30,FKDEV00187,FKUSR00187,28,City Market,True,BTP082 - KR Market Junction,,,FKN00GL148695,MOTOR CYCLE,approved,2023-12-16 09:52:41.139000+05:30
FKID192124,12.9641831,77.5768151,"BGS Flyover, City Market Circle, Bengaluru, Karnataka. Pin-560002 (India)",FKN00GL157571,CAR,"[""WRONG PARKING""]",[112],2023-12-17 23:04:46+05:30,,2023-12-17 23:43:12.083533+05:30,FKDEV00151,FKUSR00151,28,City Market,True,BTP082 - KR Market Junction,,,FKN00GL157571,CAR,approved,2023-12-18 00:53:53.052000+05:30
FKID148394,12.9709134,77.576297,"AS Char Main Road, Telagupet, Bengaluru, Karnataka. Pin-560002 (India)",FKN00GL123569,LGV,"[""WRONG PARKING""]",[112],2023-11-12 09:29:46+05:30,,2023-11-12 09:33:18.029604+05:30,FKDEV00009,FKUSR00009,28,City Market,True,BTP043 - Upparpet Junction,,,FKN00GL123569,CAR,approved,2023-11-19 06:23:23.498000+05:30
FKID176532,12.9726188,77.5771438,"AS Char Main Road, Balepete, Chickpete, Bengaluru, Karnataka. Pin-560053 (India)",FKN00GL71037,PASSENGER AUTO,"[""WRONG PARKING""]",[112],2023-12-12 09:17:46+05:30,,2023-12-12 11:53:07.836115+05:30,FKDEV00392,FKUSR00388,28,City Market,True,BTP044 - Sagar Theatre Junction,,,FKN00GL71037,PASSENGER AUTO,approved,2023-12-13 03:16:11.327000+05:30
FKID243591,12.9651728,77.5750526,"Sethu Rao Road, Sri Krishna Rajendra Market, Chickpete, Bengaluru, Karnataka. Pin-560002 (India)",FKN00GL15660,PASSENGER AUTO,"[""WRONG PARKING""]",[112],2024-01-15 01:28:46+05:30,,2024-01-15 01:58:18.413563+05:30,FKDEV00443,FKUSR00437,28,City Market,True,"BTP083 - AS Char Street, Mysore Road",,,FKN00GL15660,PASSENGER AUTO,approved,2024-01-15 02:01:43.034000+05:30
FKID135238,12.9594273,77.5760016,"Tippu Sultan Palace Road, Bangalore Medical College & Research Institute, Bengaluru, Karnataka. Pin-560002 (India)",FKN00GL112734,SCOOTER,"[""NO PARKING"",""WRONG PARKING""]","[113,112]",2023-11-16 06:15:46+05:30,,2023-11-16 06:23:26.513888+05:30,FKDEV00221,FKUSR00221,28,City Market,True,BTP104 - Medical College Circle,,,FKN00GL112734,SCOOTER,approved,2023-11-17 06:13:19.396000+05:30
FKID290665,12.9633535,77.5815484,"Sri Narasimha Raj Wadiyar Road, Potters Colony, Kalasipalyam, Bengaluru, Karnataka. Pin-560002 (India)",FKN00GL227812,SCOOTER,"[""WRONG PARKING""]",[112],2024-03-12 06:18:46+05:30,,2024-03-12 06:23:44.340421+05:30,FKDEV00773,FKUSR00743,28,City Market,True,"BTP080 - NR Road, SP Road Junction",,2024-03-29 06:05:19.993184+05:30,FKN00GL227812,SCOOTER,approved,2024-04-05 03:45:36.452000+05:30
FKID159046,12.9703156,77.5749709,"Uttaradi Mutt Lane, Chickpet Circle, Chickpete, Bengaluru, Karnataka. Pin-560053 (India)",FKN00GL132031,GOODS AUTO,"[""WRONG PARKING""]",[112],2023-12-08 11:12:46+05:30,,2023-12-08 11:14:50.525210+05:30,FKDEV00009,FKUSR00009,28,City Market,True,BTP043 - Upparpet Junction,,,FKN00GL132031,GOODS AUTO,approved,2023-12-12 13:26:23.493000+05:30
FKID182255,12.9633317,77.5764886,"KR Main Road, City Market Circle, Bengaluru, Karnataka. Pin-560002 (India)",FKN00GL27962,CAR,"[""WRONG PARKING""]",[112],2023-11-23 22:05:46+05:30,,2023-11-23 22:07:41.158072+05:30,FKDEV00319,FKUSR00318,28,City Market,True,BTP082 - KR Market Junction,,,FKN00GL27962,CAR,approved,2023-11-24 00:47:58.171000+05:30
FKID156665,12.9596503,77.5766618,"Sri Jalakanteshwara Swami Temple Road, Kalasipalyam, Bengaluru, Karnataka. Pin-560002 (India)",FKN00GL130205,PRIVATE BUS,"[""WRONG PARKING"",""NO PARKING"",""DOUBLE PARKING"",""PARKING IN A MAIN ROAD""]","[112,113,109,107]",2023-11-16 04:38:46+05:30,,2023-11-16 04:39:42.018224+05:30,FKDEV00221,FKUSR00221,28,City Market,True,BTP104 - Medical College Circle,,,FKN00GL130205,PRIVATE BUS,approved,2023-11-17 07:58:35.425000+05:30
FKID151053,12.964314,77.5771541,"Silver Jubilee Park Road, City Market Circle, Bengaluru, Karnataka. Pin-560002 (India)",FKN00GL125760,SCOOTER,"[""NO PARKING""]",[113],2023-11-13 11:13:46+05:30,,2023-11-13 11:28:53.242185+05:30,FKDEV01057,FKUSR01010,28,City Market,True,BTP082 - KR Market Junction,,,FKN00GL125760,SCOOTER,approved,2023-11-16 11:00:52.782000+05:30
FKID271629,12.9638179,77.5772432,"Kalasipalyam Main Road, City Market Circle, Bengaluru, Karnataka. Pin-560002 (India)",FKN00GL166516,PASSENGER AUTO,"[""NO PARKING""]",[113],2024-01-27 06:45:46+05:30,,2024-01-27 06:50:27.341201+05:30,FKDEV01092,FKUSR01042,28,City Market,True,BTP082 - KR Market Junction,,,FKN00GL166516,PASSENGER AUTO,approved,2024-01-30 06:19:21.106000+05:30
FKID233421,12.9673683,77.5785933,"CR Temple Street, Kumberpet, Nagartapete, Bengaluru, Karnataka. Pin-560002 (India)",FKN00GL188016,LGV,"[""WRONG PARKING""]",[112],2024-01-07 02:28:46+05:30,,2024-01-07 02:31:06.461868+05:30,FKDEV00153,FKUSR00153,28,City Market,True,BTP082 - KR Market Junction,,,FKN00GL188017,LGV,approved,2024-01-07 02:56:04.513000+05:30
FKID194227,12.9575952,77.5799447,"Mavali Tank Bund Road, Journalist Colony, Bengaluru, Karnataka. Pin-560002 (India)",FKN00GL159220,CAR,"[""WRONG PARKING""]",[112],2023-12-20 01:52:46+05:30,,2023-12-20 02:28:00.863280+05:30,FKDEV00561,FKUSR00549,28,City Market,True,BTP167 - JC Road Junction,,,FKN00GL159220,CAR,approved,2023-12-20 03:58:05.267000+05:30
FKID114288,12.9635267,77.5773251,"Kalasipalyam Main Road, City Market Circle, Bengaluru, Karnataka. Pin-560002 (India)",FKN00GL95944,PASSENGER AUTO,"[""WRONG PARKING"",""PARKING IN A MAIN ROAD""]","[112,107]",2024-01-17 05:41:46+05:30,,2024-01-22 07:51:18.304475+05:30,FKDEV00397,FKUSR00393,28,City Market,True,BTP082 - KR Market Junction,,2024-04-13 04:11:35.073978+05:30,FKN00GL95944,PASSENGER AUTO,approved,2024-04-13 03:56:37.956000+05:30
FKID268363,12.9645006,77.5777779,"Silver Jubilee Park Road, City Market Circle, Bengaluru, Karnataka. Pin-560002 (India)",FKN00GL191426,GOODS AUTO,"[""NO PARKING""]",[113],2024-01-25 09:55:46+05:30,,2024-01-26 00:41:13.742306+05:30,FKDEV00246,FKUSR00245,28,City Market,True,BTP082 - KR Market Junction,,,FKN00GL191426,GOODS AUTO,approved,2024-01-27 05:02:50.817000+05:30
FKID176318,12.9592794,77.5764387,"Tippu Sultan Palace Road, Kalasipalyam, Bengaluru, Karnataka. Pin-560002 (India)",FKN00GL145569,PASSENGER AUTO,"[""WRONG PARKING""]",[112],2023-12-08 08:41:46+05:30,,2023-12-08 09:08:52.638033+05:30,FKDEV00299,FKUSR00298,28,City Market,True,BTP104 - Medical College Circle,,,FKN00GL145569,PASSENGER AUTO,approved,2023-12-10 06:58:46.845000+05:30
FKID268586,12.9647022,77.5763612,"Mysore Road, Sri Krishna Rajendra Market, Chickpete, Bengaluru, Karnataka. Pin-560002 (India)",FKN00GL109687,SCOOTER,"[""WRONG PARKING""]",[112],2024-01-26 02:06:46+05:30,,2024-01-26 02:15:34.100505+05:30,FKDEV00152,FKUSR00152,28,City Market,True,BTP082 - KR Market Junction,,,FKN00GL109687,SCOOTER,approved,2024-01-27 05:01:23.748000+05:30
FKID285010,12.9716789,77.5771005,"Ballapete Main Road, Balepete, Chickpete, Bengaluru, Karnataka. Pin-560053 (India)",FKN00GL223829,SCOOTER,"[""WRONG PARKING"",""DEFECTIVE NUMBER PLATE""]","[112,116]",2023-12-23 11:19:46+05:30,,2023-12-24 05:06:06.242318+05:30,FKDEV00009,FKUSR00009,28,City Market,True,BTP044 - Sagar Theatre Junction,,,FKN00GL223829,SCOOTER,approved,2023-12-25 07:13:26.397000+05:30
FKID278752,12.9982851,77.553576,"5th Cross Road, Harikara Vidvan Sri R Gururajulu Naidu Circle, Rajaji Nagar, Bengaluru, Karnataka. Pin-560010 (India)",FKN00GL5111,SCOOTER,"[""WRONG PARKING""]",[112],2024-03-11 09:32:46+05:30,,2024-03-11 09:35:40.423788+05:30,FKDEV00702,FKUSR00676,6,Rajajinagar,True,BTP008 - Navarang Theatre,,2024-03-28 06:41:21.432449+05:30,FKN00GL5111,SCOOTER,approved,2024-04-01 08:50:41.699000+05:30
FKID159077,13.0083261,77.5485163,"1st Main Road, Block 1R, Rajaji Nagar, Bengaluru, Karnataka. Pin-560010 (India)",FKN00GL132054,SCOOTER,"[""WRONG PARKING""]",[112],2023-11-15 09:53:46+05:30,,2023-11-16 06:24:53.635498+05:30,FKDEV00428,FKUSR00422,6,Rajajinagar,True,BTP023 - Mahalaxmi Layout Entrance,,,FKN00GL132054,SCOOTER,approved,2023-11-17 04:54:20.825000+05:30
FKID158935,12.9997141,77.5490418,"10th A Cross Road, Block 1, Rajaji Nagar, Bengaluru, Karnataka. Pin-560010 (India)",FKN00GL119063,CAR,"[""NO PARKING""]",[113],2023-11-13 04:04:46+05:30,,2023-11-14 02:21:42.122350+05:30,FKDEV00036,FKUSR00036,6,Rajajinagar,True,BTP027 - Modi Bridge Junction,,,FKN00GL119063,CAR,approved,2023-11-16 05:42:19.563000+05:30
FKID212847,12.9993691,77.5495629,"10th Cross Road, Block 1, Rajaji Nagar, Bengaluru, Karnataka. Pin-560010 (India)",FKN00GL173007,SCOOTER,"[""NO PARKING""]",[113],2023-12-28 03:33:46+05:30,,2023-12-28 04:05:14.787300+05:30,FKDEV00929,FKUSR00892,6,Rajajinagar,True,BTP027 - Modi Bridge Junction,,,FKN00GL173007,SCOOTER,approved,2023-12-29 05:19:41.896000+05:30
FKID144856,12.9925967,77.5584733,"7th Cross Road, Prakash Nagar, Bengaluru, Karnataka. Pin-560021 (India)",FKN00GL120672,SCOOTER,"[""WRONG PARKING""]",[112],2023-11-10 11:42:46+05:30,,2023-11-10 11:59:22.349766+05:30,FKDEV00640,FKUSR00620,6,Rajajinagar,True,BTP009 - Prakash Nagar Junction,,,FKN00GL120672,SCOOTER,approved,2023-11-15 05:11:32.179000+05:30
FKID293341,12.999880134441428,77.54970311,"Chord Road, Block 1, Rajaji Nagar, Bengaluru, Karnataka. Pin-560010 (India)",FKN00GL122701,CAR,"[""NO PARKING""]",[113],2023-11-27 11:43:46+05:30,,2023-11-28 08:43:50.291622+05:30,FKDEV00693,FKUSR00418,6,Rajajinagar,True,BTP027 - Modi Bridge Junction,,,FKN00GL122701,CAR,approved,2023-11-29 08:33:15.997000+05:30
FKID164087,12.9994369,77.5497368,"WOC Road, Block 1, Rajaji Nagar, Bengaluru, Karnataka. Pin-560010 (India)",FKN00GL135828,MOTOR CYCLE,"[""WRONG PARKING""]",[112],2023-11-18 10:16:46+05:30,,2023-11-18 10:20:56.143419+05:30,FKDEV01577,FKUSR01490,6,Rajajinagar,True,BTP027 - Modi Bridge Junction,,,FKN00GL135828,MOTOR CYCLE,approved,2023-11-19 03:49:15.630000+05:30
FKID255594,12.9930859,77.5540999,"P&T Road, BSNL Quarters, Block 2, Rajaji Nagar, Bengaluru, Karnataka. Pin-560010 (India)",FKN00GL18289,LGV,"[""WRONG PARKING""]",[112],2024-01-18 01:22:46+05:30,,2024-01-19 00:57:55.937056+05:30,FKDEV00077,FKUSR00077,6,Rajajinagar,True,"BTP011 - RR Kalyana Mantapa, Dr. Rajkumar Road",,,FKN00GL18289,VAN,approved,2024-01-20 09:04:10.716000+05:30
FKID190895,13.0163862,77.5311806,"Dr Rajkumar Puniya Bhoomi Road, Block 3, Nandini Layout, Bengaluru, Karnataka. Pin-560096 (India)",FKN00GL156629,CAR,"[""WRONG PARKING""]",[112],2023-12-17 11:48:46+05:30,,2023-12-17 11:49:20.429831+05:30,FKDEV01128,FKUSR01075,6,Rajajinagar,True,No Junction,,,FKN00GL156629,CAR,approved,2023-12-19 12:36:42.303000+05:30
FKID288370,13.0085237,77.5429521,"Shreepuram Main Road, Sri Vasavi Garden, Mahalakshmi Layout, Bengaluru, Karnataka. Pin-560086 (India)",FKN00GL226277,MOTOR CYCLE,"[""NO PARKING""]",[113],2023-12-26 03:44:46+05:30,,2023-12-26 16:30:02.893693+05:30,FKDEV00640,FKUSR00620,6,Rajajinagar,True,No Junction,,,FKN00GL226277,MOTOR CYCLE,approved,2023-12-27 04:25:49.446000+05:30
FKID283742,12.9931079,77.5529411,"P&T Road, KPTCL Quarters, Block 2, Rajaji Nagar, Bengaluru, Karnataka. Pin-560010 (India)",FKN00GL222986,PASSENGER AUTO,"[""WRONG PARKING""]",[112],2023-12-22 05:49:46+05:30,,2023-12-22 06:13:08.516945+05:30,FKDEV00077,FKUSR00077,6,Rajajinagar,True,"BTP011 - RR Kalyana Mantapa, Dr. Rajkumar Road",,,FKN00GL222986,CAR,approved,2023-12-23 03:53:47.837000+05:30
FKID137091,12.993873006404815,77.55501099337131,"32nd Cross Road, Jooganahalli, Block 2, Rajaji Nagar, Bengaluru, Karnataka. Pin-560010 (India)",FKN00GL114237,SCOOTER,"[""DOUBLE PARKING"",""WRONG PARKING""]","[109,112]",2023-11-28 09:12:46+05:30,,2023-11-28 08:57:12.734879+05:30,FKDEV00693,FKUSR00418,6,Rajajinagar,True,"BTP011 - RR Kalyana Mantapa, Dr. Rajkumar Road",,,FKN00GL114237,SCOOTER,approved,2023-12-03 09:21:01.127000+05:30
FKID015393,12.9854311,77.5530493,"Vatal Nagaraj Road, Bescom Employees House Building Cooperative Society, Rajaji Nagar, Bengaluru, Karnataka. Pin-560010 (India)",FKN00GL14469,SCOOTER,"[""NO PARKING""]",[113],2024-01-31 09:40:46+05:30,,2024-01-31 09:42:40.232466+05:30,FKDEV00805,FKUSR00774,6,Rajajinagar,True,BTP061 - Bhashyam Circle,,,FKN00GL14469,SCOOTER,approved,2024-02-04 07:11:48.560000+05:30
FKID234078,12.9925094,77.5567971,"80 Feet Ring Road, Jooganahalli, Block 2, Rajaji Nagar, Bengaluru, Karnataka. Pin-560010 (India)",FKN00GL188446,MAXI-CAB,"[""WRONG PARKING""]",[112],2024-01-06 00:48:46+05:30,,2024-01-06 00:57:57.148187+05:30,FKDEV00077,FKUSR00077,6,Rajajinagar,True,BTP009 - Prakash Nagar Junction,,,FKN00GL188446,MAXI-CAB,approved,2024-01-06 01:00:04.479000+05:30
FKID200374,12.9929692,77.5526852,"17th Main Road, KPTCL Quarters, Block 2, Rajaji Nagar, Bengaluru, Karnataka. Pin-560010 (India)",FKN00GL27485,GOODS AUTO,"[""WRONG PARKING""]",[112],2023-12-23 05:54:46+05:30,,2023-12-24 06:26:13.126473+05:30,FKDEV00077,FKUSR00077,6,Rajajinagar,True,"BTP011 - RR Kalyana Mantapa, Dr. Rajkumar Road",,,FKN00GL27485,GOODS AUTO,approved,2023-12-25 07:56:27.895000+05:30
FKID009780,12.9844175,77.5599685,"80 Feet Ring Road, Block 4, Prakash Nagar, Bengaluru, Karnataka. Pin-560021 (India)",FKN00GL9257,SCOOTER,"[""WRONG PARKING""]",[112],2024-02-01 09:51:46+05:30,,2024-02-01 13:57:55.109884+05:30,FKDEV00797,FKUSR00766,6,Rajajinagar,True,BTP010 - Rajajinagar Entrance,,,FKN00GL9258,SCOOTER,approved,2024-02-02 02:53:23.065000+05:30
FKID160668,13.0117483,77.5514117,"Da Ra Bendre Road, Kirloskar Foundry, Yeshwanthpur Suburb Stage 2, Yeshwanthpur, Bengaluru, Karnataka. Pin-560022 (India)",FKN00GL133325,CAR,"[""WRONG PARKING""]",[112],2023-11-13 04:55:46+05:30,,2023-11-13 04:59:03.789381+05:30,FKDEV02484,FKUSR02239,6,Rajajinagar,True,No Junction,,,FKN00GL133325,CAR,approved,2023-11-16 07:13:47.559000+05:30
FKID263143,13.0180597,77.531669,"Dr Rajkumar Puniya Bhoomi Road, Block 2, Nandini Layout, Bengaluru, Karnataka. Pin-560096 (India)",FKN00GL208828,SCOOTER,"[""WRONG PARKING""]",[112],2024-01-24 08:03:46+05:30,,2024-01-24 08:04:45.468574+05:30,FKDEV00603,FKUSR00585,6,Rajajinagar,True,No Junction,,,FKN00GL208828,SCOOTER,approved,2024-01-26 07:36:34.317000+05:30
FKID149974,12.9930373,77.5540621,"P&T Road, BSNL Quarters, Block 2, Rajaji Nagar, Bengaluru, Karnataka. Pin-560010 (India)",FKN00GL53614,CAR,"[""WRONG PARKING""]",[112],2023-12-07 03:20:46+05:30,,2023-12-07 03:42:49.253111+05:30,FKDEV00077,FKUSR00077,6,Rajajinagar,True,"BTP011 - RR Kalyana Mantapa, Dr. Rajkumar Road",,,FKN00GL53614,CAR,approved,2023-12-08 05:38:44.616000+05:30
FKID138863,12.9854801,77.5493818,"20th Main Road, Stage 1 Phase 6, Sri Mahaganapathi Nagar, Rajaji Nagar, Bengaluru, Karnataka. Pin-560010 (India)",FKN00GL115709,PASSENGER AUTO,"[""WRONG PARKING""]",[112],2023-12-02 06:28:46+05:30,,2023-12-05 04:42:54.802137+05:30,FKDEV00515,FKUSR00504,6,Rajajinagar,True,"BTP024 - NPS, Vijayanagar",,,FKN00GL115709,PASSENGER AUTO,approved,2023-12-06 09:41:51.262000+05:30
FKID157322,12.9992225,77.5488753,"10th Cross Road, Block 1, Rajaji Nagar, Bengaluru, Karnataka. Pin-560010 (India)",FKN00GL130675,SCOOTER,"[""NO PARKING""]",[113],2023-12-07 03:34:46+05:30,,2023-12-07 03:42:32.392022+05:30,FKDEV01035,FKUSR00992,6,Rajajinagar,True,BTP027 - Modi Bridge Junction,,,FKN00GL130675,SCOOTER,approved,2023-12-08 04:22:34.086000+05:30
FKID198179,13.0079193,77.5483755,"1st Main Road, Block 1R, Rajaji Nagar, Bengaluru, Karnataka. Pin-560010 (India)",FKN00GL162130,SCOOTER,"[""NO PARKING"",""DEFECTIVE NUMBER PLATE""]","[113,116]",2023-12-19 09:52:46+05:30,,2023-12-21 09:15:51.831193+05:30,FKDEV00428,FKUSR00422,6,Rajajinagar,True,BTP023 - Mahalaxmi Layout Entrance,,,FKN00GL162130,SCOOTER,approved,2023-12-22 07:44:22.156000+05:30
FKID292373,12.984546,77.5537979,"Old Mysore Road, Bhashyam Circle, Rajaji Nagar, Bengaluru, Karnataka. Pin-560010 (India)",FKN00GL228943,CAR,"[""WRONG PARKING""]",[112],2024-03-13 11:41:46+05:30,,2024-03-13 12:25:39.587070+05:30,FKDEV00805,FKUSR00774,6,Rajajinagar,True,BTP061 - Bhashyam Circle,,2024-03-31 01:16:26.253478+05:30,FKN00GL228943,CAR,approved,2024-04-05 06:52:58.181000+05:30
FKID211755,12.9848111,77.5541716,"12th Main Road, Bhashyam Circle, Rajaji Nagar, Bengaluru, Karnataka. Pin-560010 (India)",FKN00GL172249,MOTOR CYCLE,"[""NO PARKING""]",[113],2023-12-30 03:47:46+05:30,,2023-12-30 03:53:24.893299+05:30,FKDEV00839,FKUSR00809,6,Rajajinagar,True,BTP061 - Bhashyam Circle,,,FKN00GL172249,MOTOR CYCLE,approved,2024-01-02 06:25:59.427000+05:30
FKID246242,12.9856144,77.5527498,"Vatal Nagaraj Road, Bescom Employees House Building Cooperative Society, Rajaji Nagar, Bengaluru, Karnataka. Pin-560010 (India)",FKN00GL197076,SCOOTER,"[""NO PARKING""]",[113],2024-01-15 05:04:46+05:30,,2024-01-15 08:31:27.853000+05:30,FKDEV00183,FKUSR00183,6,Rajajinagar,True,BTP061 - Bhashyam Circle,,,FKN00GL197076,SCOOTER,approved,2024-01-16 04:18:33.436000+05:30
FKID204232,13.0114044,77.5507918,"Da Ra Bendre Road, Kirloskar Foundry, Yeshwanthpur Suburb Stage 2, Yeshwanthpur, Bengaluru, Karnataka. Pin-560022 (India)",FKN00GL28774,TANKER,"[""WRONG PARKING""]",[112],2023-11-27 08:06:46+05:30,,2023-11-27 08:16:37.490667+05:30,FKDEV00082,FKUSR00082,6,Rajajinagar,True,BTP023 - Mahalaxmi Layout Entrance,,,FKN00GL28774,TANKER,approved,2023-11-29 13:36:53.332000+05:30
FKID240867,12.9997055,77.5496454,"WOC Road, Block 1, Rajaji Nagar, Bengaluru, Karnataka. Pin-560010 (India)",FKN00GL8873,SCOOTER,"[""NO PARKING""]",[113],2024-01-11 05:56:46+05:30,,2024-01-11 06:07:39.094549+05:30,FKDEV00823,FKUSR00793,6,Rajajinagar,True,BTP027 - Modi Bridge Junction,,,FKN00GL8873,SCOOTER,approved,2024-01-12 04:52:22.744000+05:30
FKID187929,12.9975552,77.5477466,"Padmabhushan Dr MC Modi Road, Phase 1, Manjunatha Nagar, Rajaji Nagar, Bengaluru, Karnataka. Pin-560010 (India)",FKN00GL154303,VAN,"[""NO PARKING""]",[113],2023-12-20 04:56:46+05:30,,2023-12-20 07:10:39.707726+05:30,FKDEV01988,FKUSR01846,6,Rajajinagar,True,BTP205 - Modi Hospital Junction,,,FKN00GL154303,VAN,approved,2023-12-21 04:10:36.034000+05:30
FKID154412,12.9868143,77.5507519,"Vatal Nagaraj Road, Dhobi Ghat Junction, Rajaji Nagar, Bengaluru, Karnataka. Pin-560010 (India)",FKN00GL128427,CAR,"[""NO PARKING""]",[113],2023-12-05 05:52:46+05:30,,2023-12-05 05:53:19.178642+05:30,FKDEV00640,FKUSR00620,6,Rajajinagar,True,BTP018 - Dhobi Ghat Junction,,,FKN00GL128427,CAR,approved,2023-12-07 06:15:05.091000+05:30
FKID191107,12.9994239,77.5497315,"WOC Road, Block 1, Rajaji Nagar, Bengaluru, Karnataka. Pin-560010 (India)",FKN00GL156806,SCOOTER,"[""WRONG PARKING""]",[112],2023-12-17 08:59:46+05:30,,2023-12-17 09:03:20.705982+05:30,FKDEV00567,FKUSR00555,6,Rajajinagar,True,BTP027 - Modi Bridge Junction,,,FKN00GL156806,SCOOTER,approved,2023-12-18 06:09:18.682000+05:30
